"","X","Rk","Player","Pos","Age","Tm","G","GS","MP","FG","FGA","FG.","X3P","X3PA","X3P.","X2P","X2PA","X2P.","eFG.","FT","FTA","FT.","ORB","DRB","TRB","AST","STL","BLK","TOV","PF","PS.G"
"1",1,1,"steven adams","C",21,"OKC",70,67,25.3,3.1,5.7,"0.544",0,0,"0",3.1,5.7,"0.547","0.544",1.5,2.9,"0.502",2.8,4.6,7.5,0.9,0.5,1.2,1.4,3.2,7.7
"2",2,2,"alexis ajinca","C",26,"NOP",68,8,14.1,2.7,4.8,"0.55",0,0,"NA",2.7,4.8,"0.55","0.55",1.2,1.5,"0.818",1.5,3.1,4.6,0.7,0.3,0.8,1,2.2,6.5
"3",3,3,"cole aldrich","C",26,"NYK",61,16,16,2.4,4.9,"0.478",0,0,"NA",2.4,4.9,"0.478","0.478",0.8,1,"0.781",1.7,3.9,5.5,1.2,0.6,1.1,1,2,5.5
"4",4,4,"lavoy allen","C",25,"IND",63,0,17,2.2,4.7,"0.472",0,0,"NA",2.2,4.7,"0.472","0.472",0.5,0.7,"0.702",2,3.2,5.1,1.2,0.2,0.7,0.6,1.6,5
"5",5,5,"chris andersen","C",36,"MIA",60,20,18.9,2,3.5,"0.58",0.1,0.2,"0.308",1.9,3.2,"0.598","0.589",1.3,1.9,"0.667",1.3,3.7,5,0.7,0.4,1,0.7,1.5,5.3
"6",6,6,"joel anthony","C",32,"DET",49,0,8.3,0.7,1.3,"0.581",0,0,"NA",0.7,1.3,"0.581","0.581",0.3,0.4,"0.682",0.7,1.2,1.9,0.1,0.2,1,0.2,1.1,1.8
"7",7,7,"pero antic","C",32,"ATL",63,3,16.5,1.7,4.7,"0.365",0.8,2.7,"0.301",0.9,2,"0.455","0.453",1.4,2,"0.715",0.9,2.1,3,0.8,0.3,0.2,0.8,2.1,5.7
"8",8,8,"omer asik","C",28,"NOP",76,76,26.1,2.8,5.4,"0.517",0,0,"NA",2.8,5.4,"0.517","0.517",1.7,3,"0.582",3.2,6.6,9.8,0.9,0.4,0.7,1.3,1.9,7.3
"9",9,9,"andrea bargnani","C",29,"NYK",29,22,27.1,5.7,12.4,"0.454",0.5,1.4,"0.366",5.1,11,"0.466","0.475",3,3.7,"0.813",1.1,3.3,4.4,1.6,0.1,0.9,1.4,1.8,14.8
"10",10,10,"earl barron","C",33,"PHO",16,1,8.9,0.8,2.4,"0.308",0.1,0.3,"0.5",0.6,2.2,"0.286","0.333",0.4,0.8,"0.5",0.9,0.9,1.8,0.3,0.3,0.1,0.3,1.6,2
"11",11,11,"aron baynes","C",28,"SAS",70,17,16,2.6,4.7,"0.566",0,0.1,"0.25",2.6,4.6,"0.57","0.567",1.3,1.5,"0.865",1.6,3,4.5,0.5,0.2,0.3,0.9,2.3,6.6
"12",12,12,"sim bhullar","C",22,"SAC",3,0,1,0.3,0.7,"0.5",0,0,"NA",0.3,0.7,"0.5","0.5",0,0,"NA",0,0.3,0.3,0.3,0,0.3,0,0,0.7
"13",13,13,"bismack biyombo","C",22,"CHO",64,21,19.4,1.6,2.9,"0.543",0,0,"NA",1.6,2.9,"0.543","0.543",1.6,2.7,"0.583",2.5,3.9,6.4,0.3,0.3,1.5,0.8,2.2,4.8
"14",14,14,"tarik black","C",23,"TOT",63,39,19,2.5,4.3,"0.575",0,0,"0",2.5,4.3,"0.577","0.575",1,1.9,"0.551",2.3,3.6,5.8,0.7,0.3,0.4,0.8,2.5,6
"15",15,15,"andrew bogut","C",30,"GSW",67,65,23.6,3,5.3,"0.563",0,0,"NA",3,5.3,"0.563","0.563",0.3,0.6,"0.524",2.1,6,8.1,2.7,0.6,1.7,1.6,2.8,6.3
"16",16,16,"chris bosh","C",30,"MIA",44,44,35.4,7.8,16.9,"0.46",1.4,3.8,"0.375",6.4,13.1,"0.485","0.503",4.1,5.3,"0.772",1,6,7,2.2,0.9,0.6,2.2,1.6,21.1
"17",17,17,"elton brand","C",35,"ATL",36,4,13.5,1.2,2.6,"0.442",0,0,"0",1.2,2.6,"0.447","0.442",0.3,0.6,"0.522",0.8,2,2.8,0.6,0.5,0.7,0.5,1.5,2.7
"18",18,18,"clint capela","C",20,"HOU",12,0,7.5,1.2,2.4,"0.483",0,0,"NA",1.2,2.4,"0.483","0.483",0.3,1.9,"0.174",0.8,2.2,3,0.2,0.1,0.8,0.4,1.2,2.7
"19",19,19,"tyson chandler","C",32,"DAL",75,75,30.5,3.9,5.9,"0.666",0,0,"NA",3.9,5.9,"0.666","0.666",2.5,3.4,"0.72",3.9,7.6,11.5,1.1,0.6,1.2,1.4,2.3,10.3
"20",20,20,"demarcus cousins","C",24,"SAC",59,59,34.1,8.4,18.1,"0.467",0,0.1,"0.25",8.4,17.9,"0.469","0.468",7.2,9.2,"0.782",3.1,9.5,12.7,3.6,1.5,1.7,4.3,4.1,24.1
"21",21,21,"samuel dalembert","C",33,"NYK",32,21,17,1.8,4.1,"0.438",0,0,"NA",1.8,4.1,"0.438","0.438",0.4,0.6,"0.7",1.7,3.6,5.3,0.9,0.4,1.3,1.2,2.2,4
"22",22,22,"dewayne dedmon","C",25,"ORL",59,15,14.3,1.5,2.7,"0.562",0,0,"0",1.5,2.7,"0.565","0.562",0.6,1.1,"0.531",2,3,5,0.2,0.3,0.8,0.9,2.4,3.7
"23",23,23,"gorgui dieng","C",25,"MIN",73,49,30,3.5,7,"0.506",0,0.1,"0.167",3.5,6.9,"0.51","0.507",2.6,3.3,"0.783",3.1,5.3,8.3,2,1,1.7,1.7,2.6,9.7
"24",24,24,"andre drummond","C",21,"DET",82,82,30.5,6,11.7,"0.514",0,0,"0",6,11.7,"0.515","0.514",1.7,4.5,"0.389",5.3,8.1,13.5,0.7,0.9,1.9,1.5,3.5,13.8
"25",25,25,"tim duncan","C",38,"SAS",77,77,28.9,5.4,10.6,"0.512",0,0.1,"0.286",5.4,10.5,"0.514","0.513",3,4,"0.74",2.2,6.9,9.1,3,0.8,2,1.7,2.1,13.9
"26",26,26,"festus ezeli","C",25,"GSW",46,7,11,1.7,3,"0.547",0,0,"NA",1.7,3,"0.547","0.547",1.1,1.7,"0.628",1.3,2.1,3.4,0.2,0.2,0.9,0.7,1.7,4.4
"27",27,27,"joel freeland","C",27,"POR",48,8,12.9,1.5,3.1,"0.49",0,0,"NA",1.5,3.1,"0.49","0.49",0.4,0.5,"0.84",1.3,2.7,4,0.3,0.2,0.5,0.5,1.9,3.5
"28",28,28,"marc gasol","C",30,"MEM",81,81,33.2,6.5,13.2,"0.494",0,0.2,"0.176",6.5,13,"0.5","0.496",4.3,5.4,"0.795",1.4,6.4,7.8,3.8,0.9,1.6,2.2,2.6,17.4
"29",29,29,"rudy gobert","C",22,"UTA",82,37,26.3,3.1,5.2,"0.604",0,0,"0",3.1,5.2,"0.607","0.604",2.1,3.3,"0.623",3.2,6.2,9.5,1.3,0.8,2.3,1.4,2.1,8.4
"30",30,30,"marcin gortat","C",30,"WAS",82,82,29.9,5.4,9.5,"0.566",0,0,"0",5.4,9.4,"0.569","0.566",1.5,2.1,"0.703",2.2,6.5,8.7,1.2,0.6,1.3,1.2,2.3,12.2
"31",31,31,"justin hamilton","C",24,"TOT",41,14,17.4,2.1,4.3,"0.478",0.2,0.8,"0.323",1.8,3.6,"0.51","0.506",1,1.1,"0.83",1.4,1.9,3.3,0.9,0.7,0.7,0.6,1.7,5.3
"32",32,32,"chuck hayes","C",31,"TOR",29,0,8.8,0.8,1.6,"0.478",0,0,"NA",0.8,1.6,"0.478","0.478",0.2,0.4,"0.545",0.6,1.1,1.8,0.7,0.3,0.1,0.3,1.3,1.7
"33",33,33,"brendan haywood","C",35,"CLE",22,1,5.4,0.6,1.4,"0.467",0,0,"NA",0.6,1.4,"0.467","0.467",0.3,0.6,"0.538",0.3,1,1.3,0.1,0.1,0.5,0.5,0.8,1.6
"34",34,34,"john henson","C",24,"MIL",67,11,18.3,2.9,5.2,"0.566",0,0,"NA",2.9,5.2,"0.566","0.566",1.2,2,"0.569",1.9,2.8,4.7,0.9,0.4,2,1.3,2.3,7
"35",35,35,"roy hibbert","C",28,"IND",76,76,25.3,4.2,9.3,"0.446",0,0,"0",4.2,9.3,"0.448","0.446",2.2,2.7,"0.824",2.1,5.1,7.1,1.1,0.2,1.6,1.4,2.8,10.6
"36",36,36,"j.j. hickson","C",26,"DEN",73,8,19.3,3,6.3,"0.475",0,0,"0",3,6.3,"0.477","0.475",1.6,2.8,"0.577",2.1,4.1,6.2,0.8,0.5,0.5,1.3,1.9,7.6
"37",37,37,"jordan hill","C",27,"LAL",70,57,26.8,5.1,11.1,"0.459",0,0.2,"0.273",5.1,10.9,"0.462","0.461",1.8,2.4,"0.738",2.5,5.5,7.9,1.5,0.5,0.7,1.5,2.3,12
"38",38,38,"ryan hollins","C",30,"SAC",46,9,9.6,1.2,1.8,"0.646",0,0,"NA",1.2,1.8,"0.646","0.646",0.7,1.2,"0.574",0.8,1.5,2.2,0.3,0.1,0.4,0.5,1.4,3
"39",39,39,"al horford","C",28,"ATL",76,76,30.5,6.8,12.7,"0.538",0.1,0.5,"0.306",6.7,12.2,"0.547","0.544",1.4,1.9,"0.759",1.7,5.4,7.2,3.2,0.9,1.3,1.3,1.6,15.2
"40",40,40,"dwight howard","C",29,"HOU",41,41,29.8,6.1,10.3,"0.593",0,0,"0.5",6.1,10.3,"0.594","0.595",3.5,6.6,"0.528",2.7,7.8,10.5,1.2,0.7,1.3,2.8,3.3,15.8
"41",41,41,"bernard james","C",29,"DAL",16,2,9.9,0.8,1.7,"0.444",0,0,"NA",0.8,1.7,"0.444","0.444",1.3,1.4,"0.87",1.1,1.3,2.4,0.3,0.1,0.9,0.4,1.1,2.8
"42",42,42,"al jefferson","C",30,"CHO",65,61,30.6,7.5,15.5,"0.481",0,0.1,"0.4",7.4,15.5,"0.482","0.482",1.7,2.5,"0.655",1.5,6.9,8.4,1.7,0.7,1.3,1,2.1,16.6
"43",43,43,"deandre jordan","C",26,"LAC",82,82,34.4,4.6,6.5,"0.71",0,0,"0.25",4.6,6.5,"0.713","0.711",2.3,5.7,"0.397",4.8,10.1,15,0.7,1,2.2,1.3,3,11.5
"44",44,44,"jerome jordan","C",28,"BRK",44,0,8.7,1.1,2.1,"0.532",0,0,"NA",1.1,2.1,"0.532","0.532",0.9,1,"0.864",1.2,1.2,2.4,0.3,0.2,0.3,0.5,1.3,3.1
"45",45,45,"chris kaman","C",32,"POR",74,13,18.9,3.8,7.4,"0.515",0,0,"NA",3.8,7.4,"0.515","0.515",1,1.4,"0.706",2,4.5,6.5,0.9,0.2,0.7,1.5,1.9,8.6
"46",46,46,"enes kanter","C",22,"TOT",75,74,28.5,6.4,12.4,"0.519",0.2,0.6,"0.356",6.2,11.8,"0.528","0.528",2.4,3.1,"0.782",3.7,5.3,8.9,0.7,0.5,0.4,1.9,2.5,15.5
"47",47,47,"alex kirk","C",23,"CLE",5,0,2.8,0.2,0.8,"0.25",0,0,"NA",0.2,0.8,"0.25","0.25",0.4,0.4,"1",0.2,0,0.2,0.2,0,0,0,0.2,0.8
"48",48,48,"kosta koufos","C",25,"MEM",81,3,16.6,2.2,4.4,"0.508",0,0,"NA",2.2,4.4,"0.508","0.508",0.7,1,"0.647",1.5,3.8,5.3,0.5,0.4,0.8,0.9,1.8,5.2
"49",49,49,"ognjen kuzmic","C",24,"GSW",16,0,4.5,0.5,0.8,"0.667",0,0,"NA",0.5,0.8,"0.667","0.667",0.3,0.3,"1",0.4,0.6,1.1,0.4,0.1,0.1,0.3,0.8,1.3
"50",50,50,"joffrey lauvergne","C",23,"DEN",24,1,11.2,1.5,3.7,"0.404",0.1,0.7,"0.188",1.4,3,"0.452","0.421",0.8,1.2,"0.643",1.1,2.1,3.2,0.5,0.3,0.4,0.9,1.8,3.9
"51",51,51,"alex len","C",21,"PHO",69,44,22,2.6,5.1,"0.507",0,0,"0.333",2.6,5.1,"0.509","0.508",1.1,1.5,"0.702",2.1,4.5,6.6,0.5,0.5,1.5,1.1,3.1,6.3
"52",52,52,"meyers leonard","C",22,"POR",55,7,15.4,2.3,4.5,"0.51",0.9,2,"0.42",1.4,2.4,"0.586","0.606",0.5,0.6,"0.938",0.8,3.7,4.5,0.6,0.2,0.3,0.7,2.1,5.9
"53",53,53,"brook lopez","C",26,"BRK",72,44,29.2,7,13.7,"0.513",0,0.1,"0.1",7,13.6,"0.517","0.513",3.1,3.8,"0.814",3,4.5,7.4,0.7,0.6,1.8,1.4,2.9,17.2
"54",54,54,"robin lopez","C",26,"POR",59,59,27.8,4,7.4,"0.535",0,0,"0",4,7.4,"0.537","0.535",1.7,2.2,"0.772",3.2,3.5,6.7,0.9,0.3,1.4,1.2,2.1,9.6
"55",55,55,"ian mahinmi","C",28,"IND",61,6,18.8,1.9,3.5,"0.552",0,0,"NA",1.9,3.5,"0.552","0.552",0.5,1.7,"0.304",1.7,4.1,5.8,0.5,0.5,0.8,1,2.8,4.3
"56",56,56,"javale mcgee","C",27,"TOT",23,0,11.1,1.8,3.4,"0.532",0,0,"NA",1.8,3.4,"0.532","0.532",1,1.4,"0.667",0.8,1.9,2.7,0.1,0.1,0.9,0.8,1.3,4.6
"57",57,57,"nazr mohammed","C",37,"CHI",23,0,5.6,0.6,1.3,"0.433",0,0,"NA",0.6,1.3,"0.433","0.433",0,0.1,"0.333",0.5,1.2,1.7,0.1,0.2,0.2,0.3,0.7,1.2
"58",58,58,"timofey mozgov","C",28,"TOT",81,80,25.2,3.9,7,"0.555",0,0.1,"0.333",3.9,6.9,"0.557","0.557",1.9,2.7,"0.718",2.5,4.8,7.3,0.7,0.4,1.2,1.4,2.8,9.7
"59",59,59,"joakim noah","C",29,"CHI",67,67,30.6,2.8,6.4,"0.445",0,0,"0",2.8,6.3,"0.447","0.445",1.6,2.6,"0.603",3.3,6.4,9.6,4.7,0.7,1.1,1.8,3,7.2
"60",60,60,"nerlens noel","C",20,"PHI",75,71,30.8,4,8.7,"0.462",0,0,"NA",4,8.7,"0.462","0.462",1.9,3.1,"0.609",2.5,5.7,8.1,1.7,1.8,1.9,1.9,2.8,9.9
"61",61,61,"lucas nogueira","C",22,"TOR",6,0,3.8,0.3,1.3,"0.25",0,0,"NA",0.3,1.3,"0.25","0.25",0.3,0.7,"0.5",0.3,1.5,1.8,0.2,0.3,0,0.3,1,1
"62",62,62,"jusuf nurkic","C",20,"DEN",62,27,17.8,2.8,6.2,"0.446",0,0,"0",2.8,6.1,"0.449","0.446",1.4,2.1,"0.636",2,4.1,6.2,0.8,0.8,1.1,1.4,3.3,6.9
"63",63,63,"kelly olynyk","C",23,"BOS",64,13,22.2,3.9,8.3,"0.475",1,2.7,"0.349",3,5.5,"0.538","0.533",1.5,2.1,"0.684",1.4,3.3,4.7,1.7,1,0.6,1.5,3.3,10.3
"64",64,64,"arinze onuaku","C",27,"MIN",6,1,11.3,2,2.3,"0.857",0,0,"NA",2,2.3,"0.857","0.857",0.5,1.3,"0.375",1.2,2.3,3.5,0.7,0.2,0.5,0.3,1,4.5
"65",65,65,"zaza pachulia","C",30,"MIL",73,45,23.7,3.3,7.2,"0.454",0,0,"0",3.3,7.2,"0.456","0.454",1.7,2.2,"0.788",2.7,4.2,6.8,2.4,1.1,0.3,1.8,2.3,8.3
"66",66,66,"nikola pekovic","C",29,"MIN",31,29,26.3,4.5,10.6,"0.424",0,0,"NA",4.5,10.6,"0.424","0.424",3.5,4.2,"0.837",2.9,4.7,7.5,0.9,0.6,0.4,1.4,1.9,12.5
"67",67,67,"kendrick perkins","C",30,"TOT",68,3,16.9,1.5,3.3,"0.449",0,0,"0",1.5,3.3,"0.451","0.449",0.6,1.2,"0.506",1.3,3.4,4.7,0.8,0.2,0.6,1.4,2.4,3.6
"68",68,68,"mason plumlee","C",24,"BRK",82,45,21.3,3.4,6,"0.573",0,0,"0",3.4,5.9,"0.576","0.573",1.9,3.9,"0.495",2.1,4.1,6.2,0.9,0.8,0.8,1.3,2.5,8.7
"69",69,69,"miles plumlee","C",26,"TOT",73,28,16.4,1.9,3.5,"0.535",0,0,"NA",1.9,3.5,"0.535","0.535",0.3,0.6,"0.478",1.5,2.8,4.4,0.5,0.6,0.9,0.7,1.5,4
"70",70,70,"miroslav raduljica","C",27,"MIN",5,0,4.6,0.6,1.6,"0.375",0,0,"NA",0.6,1.6,"0.375","0.375",0.4,0.4,"1",0.4,0.6,1,0,0.2,0,0.4,1.6,1.6
"71",71,71,"robert sacre","C",25,"LAL",67,18,16.9,1.9,4.6,"0.412",0,0,"0",1.9,4.6,"0.413","0.412",0.8,1.2,"0.671",1.3,2.1,3.5,0.8,0.4,0.6,0.5,1.8,4.6
"72",72,72,"larry sanders","C",26,"MIL",27,26,21.7,3.2,6.4,"0.5",0,0,"NA",3.2,6.4,"0.5","0.5",0.9,1.8,"0.5",2.5,3.7,6.1,0.9,1,1.4,1,3.9,7.3
"73",73,73,"kevin seraphin","C",25,"WAS",79,0,15.6,2.9,5.7,"0.513",0,0,"0",2.9,5.7,"0.516","0.513",0.7,1,"0.707",1.1,2.5,3.6,0.7,0.1,0.7,1.2,2.5,6.6
"74",74,74,"henry sims","C",24,"PHI",73,32,19.2,3.3,6.9,"0.474",0.1,0.3,"0.182",3.2,6.6,"0.488","0.478",1.5,1.9,"0.774",1.7,3.3,4.9,1.1,0.5,0.4,1.4,1.8,8
"75",75,75,"jason smith","C",28,"NYK",82,31,21.8,3.1,7.2,"0.434",0.2,0.5,"0.357",3,6.7,"0.44","0.447",1.5,1.9,"0.83",1.2,2.8,4,1.7,0.4,0.5,1.3,2.5,8
"76",76,76,"marreese speights","C",27,"GSW",76,9,15.9,4.2,8.5,"0.492",0.1,0.2,"0.278",4.1,8.3,"0.498","0.496",2,2.3,"0.843",1.4,2.8,4.3,0.9,0.3,0.4,1.1,2.5,10.4
"77",77,77,"tiago splitter","C",30,"SAS",52,35,19.8,3.3,5.8,"0.558",0,0,"NA",3.3,5.8,"0.558","0.558",1.7,2.3,"0.75",1.8,3.1,4.8,1.5,0.7,0.7,1.2,2,8.2
"78",78,78,"greg stiemsma","C",29,"TOR",17,0,3.9,0.4,0.5,"0.75",0,0,"NA",0.4,0.5,"0.75","0.75",0.1,0.2,"0.5",0.5,0.4,0.9,0.2,0.1,0,0.4,0.9,0.8
"79",79,79,"ronny turiaf","C",32,"MIN",2,0,9.5,0,0,"NA",0,0,"NA",0,0,"NA","NA",0,0,"NA",0,0.5,0.5,1,0,0,0,0,0
"80",80,80,"jonas valanciunas","C",22,"TOR",80,80,26.2,4.7,8.2,"0.572",0,0,"0",4.7,8.1,"0.573","0.572",2.7,3.5,"0.786",2.7,6,8.7,0.5,0.4,1.2,1.4,2.8,12
"81",81,81,"anderson varejao","C",32,"CLE",26,26,24.5,4.3,7.7,"0.555",0,0.1,"0",4.3,7.6,"0.561","0.555",1.3,1.7,"0.733",2.2,4.3,6.5,1.3,0.7,0.6,1.3,2.2,9.8
"82",82,82,"nikola vucevic","C",24,"ORL",74,74,34.2,8.5,16.3,"0.523",0,0.1,"0.333",8.5,16.2,"0.524","0.524",2.2,2.9,"0.752",3.2,7.7,10.9,2,0.7,0.7,2,3,19.3
"83",83,83,"hassan whiteside","C",25,"MIA",48,32,23.8,5.1,8.1,"0.628",0,0,"NA",5.1,8.1,"0.628","0.628",1.6,3.3,"0.5",3,7,10,0.1,0.6,2.6,1.2,2.7,11.8
"84",84,84,"jeff withey","C",24,"NOP",37,0,7,0.9,1.7,"0.5",0,0,"NA",0.9,1.7,"0.5","0.5",0.9,1.4,"0.68",0.6,1.1,1.7,0.3,0.1,0.5,0.3,0.7,2.6
"85",85,85,"cody zeller","C",22,"CHO",62,45,24,2.8,6,"0.461",0,0,"1",2.8,6,"0.46","0.462",2,2.6,"0.774",1.6,4.3,5.8,1.6,0.5,0.8,1,2.5,7.6
"86",86,86,"tyler zeller","C",25,"BOS",82,59,21.1,4.1,7.5,"0.549",0,0,"NA",4.1,7.5,"0.549","0.549",1.9,2.3,"0.823",1.8,3.9,5.7,1.4,0.2,0.6,0.9,2.5,10.2
"87",87,87,"quincy acy","PF",24,"NYK",68,22,18.9,2.2,4.9,"0.459",0.3,0.9,"0.3",2,4,"0.494","0.486",1.1,1.4,"0.784",1.2,3.3,4.4,1,0.4,0.3,0.9,2.2,5.9
"88",88,88,"jeff adrien","PF",28,"MIN",17,0,12.6,1.1,2.6,"0.432",0,0,"NA",1.1,2.6,"0.432","0.432",1.3,2.2,"0.579",1.4,3.2,4.5,0.9,0.2,0.5,0.5,1.8,3.5
"89",89,89,"furkan aldemir","PF",23,"PHI",41,9,13.2,1,1.9,"0.513",0,0.1,"0",1,1.8,"0.548","0.513",0.3,0.7,"0.481",1.9,2.4,4.3,0.7,0.4,0.4,0.4,2.3,2.3
"90",90,90,"lamarcus aldridge","PF",29,"POR",71,71,35.4,9.3,19.9,"0.466",0.5,1.5,"0.352",8.8,18.5,"0.475","0.479",4.3,5.1,"0.845",2.5,7.7,10.2,1.7,0.7,1,1.7,1.8,23.4
"91",91,91,"lou amundson","PF",32,"TOT",53,35,17.7,2.1,4.8,"0.427",0,0,"0",2.1,4.8,"0.429","0.427",0.8,1.6,"0.471",1.8,3.3,5.1,1.3,0.4,1,1.2,2.4,4.9
"92",92,92,"ryan anderson","PF",26,"NOP",61,5,27.5,4.8,12,"0.399",2,5.9,"0.34",2.8,6.1,"0.457","0.483",2.1,2.5,"0.854",1.8,3.1,4.8,0.9,0.5,0.3,1,1.9,13.7
"93",93,93,"darrell arthur","PF",26,"DEN",58,4,17,2.7,6.6,"0.404",0.4,1.9,"0.236",2.2,4.7,"0.471","0.438",0.8,1,"0.78",0.9,2,2.9,1,0.8,0.4,0.8,2.5,6.6
"94",94,94,"jeff ayres","PF",27,"SAS",51,0,7.5,1.1,1.9,"0.579",0,0,"NA",1.1,1.9,"0.579","0.579",0.5,0.7,"0.75",0.7,1.6,2.3,0.3,0.2,0.2,0.5,1.2,2.7
"95",95,95,"cameron bairstow","PF",24,"CHI",18,1,3.6,0.2,0.8,"0.214",0,0,"NA",0.2,0.8,"0.214","0.214",0.2,0.3,"0.8",0.3,0.1,0.4,0.1,0.1,0.1,0.2,0.4,0.6
"96",96,96,"brandon bass","PF",29,"BOS",82,43,23.5,4.2,8.3,"0.504",0.1,0.4,"0.281",4.1,7.9,"0.515","0.51",2.1,2.6,"0.79",1.7,3.2,4.9,1.3,0.5,0.4,1,1.7,10.6
"97",97,97,"michael beasley","PF",26,"MIA",24,1,21,3.8,8.8,"0.434",0.3,1.4,"0.235",3.5,7.4,"0.472","0.453",0.8,1.1,"0.769",0.5,3.2,3.7,1.3,0.6,0.5,1.5,2.8,8.8
"98",98,98,"jerrelle benimon","PF",23,"UTA",2,0,1.5,0,0,"NA",0,0,"NA",0,0,"NA","NA",0,0,"NA",0.5,1,1.5,0,0,0,0.5,0,0
"99",99,99,"anthony bennett","PF",21,"MIN",57,3,15.7,2.2,5.2,"0.421",0.1,0.4,"0.304",2.1,4.8,"0.431","0.433",0.7,1.1,"0.641",0.9,2.9,3.8,0.8,0.5,0.3,0.6,1.5,5.2
"100",100,100,"dejuan blair","PF",25,"WAS",29,0,6.2,0.9,2,"0.456",0,0,"NA",0.9,2,"0.456","0.456",0.1,0.2,"0.667",0.6,1.4,1.9,0.1,0.2,0,0.4,1.4,1.9
"101",101,101,"matt bonner","PF",34,"SAS",72,19,13,1.3,3.2,"0.409",0.6,1.8,"0.365",0.7,1.4,"0.462","0.509",0.4,0.5,"0.811",0.4,1.2,1.6,0.7,0.1,0.2,0.2,0.9,3.7
"102",102,102,"trevor booker","PF",27,"UTA",79,5,19.8,2.9,5.9,"0.487",0.4,1.1,"0.345",2.5,4.8,"0.518","0.518",1.1,1.9,"0.581",1.8,3.3,5,1.1,0.5,0.5,1.1,1.8,7.2
"103",103,103,"carlos boozer","PF",33,"LAL",71,26,23.8,5.2,10.5,"0.499",0,0,"NA",5.2,10.5,"0.499","0.499",1.3,2.1,"0.627",1.6,5.2,6.8,1.3,0.6,0.2,1.3,2.6,11.8
"104",104,104,"earl clark","PF",27,"BRK",10,0,9.3,1.1,3,"0.367",0.4,1.4,"0.286",0.7,1.6,"0.438","0.433",0.1,0.4,"0.25",0.1,2.2,2.3,0.3,0.3,0.4,0.6,1.2,2.7
"105",105,105,"nick collison","PF",34,"OKC",66,2,16.7,1.6,3.8,"0.419",0.2,0.9,"0.267",1.4,2.9,"0.466","0.451",0.7,1,"0.692",1.4,2.4,3.8,1.4,0.5,0.4,0.7,2.4,4.1
"106",106,106,"jack cooley","PF",23,"UTA",16,0,5.4,0.6,1.4,"0.409",0,0,"NA",0.6,1.4,"0.409","0.409",0.6,1.3,"0.429",0.6,0.9,1.6,0.1,0.4,0.2,0.2,1.4,1.7
"107",107,107,"dante cunningham","PF",27,"NOP",66,27,25,2.3,5.1,"0.457",0,0.2,"0.1",2.3,5,"0.468","0.459",0.4,0.7,"0.617",1.1,2.8,3.9,0.8,0.7,0.6,0.5,1.5,5.2
"108",108,108,"brandon davies","PF",23,"TOT",27,6,15.7,2,5.1,"0.401",0.3,1.3,"0.235",1.7,3.8,"0.456","0.431",0.9,1.4,"0.649",1.4,1.7,3.1,1.1,0.7,0.3,1.1,2.2,5.3
"109",109,109,"anthony davis","PF",21,"NOP",68,68,36.1,9.4,17.6,"0.535",0,0.2,"0.083",9.4,17.5,"0.54","0.536",5.5,6.8,"0.805",2.5,7.7,10.2,2.2,1.5,2.9,1.4,2.1,24.4
"110",110,110,"ed davis","PF",25,"LAL",79,24,23.3,3.6,5.9,"0.601",0,0,"NA",3.6,5.9,"0.601","0.601",1.2,2.4,"0.487",2.9,4.7,7.6,1.2,0.6,1.2,0.7,2.6,8.3
"111",111,111,"glen davis","PF",29,"LAC",74,0,12.2,1.6,3.4,"0.459",0,0.1,"0",1.6,3.4,"0.466","0.459",0.8,1.3,"0.632",0.6,1.7,2.3,0.5,0.6,0.3,0.5,1.8,4
"112",112,112,"boris diaw","PF",32,"SAS",81,15,24.5,3.6,7.8,"0.46",0.7,2.1,"0.32",2.9,5.7,"0.512","0.503",0.9,1.1,"0.774",1,3.3,4.3,2.9,0.4,0.3,1.6,1.8,8.7
"113",113,113,"joey dorsey","PF",31,"HOU",69,17,12.4,1.2,2.1,"0.552",0,0,"0",1.2,2.1,"0.556","0.552",0.3,1.2,"0.289",1.5,2.6,4,0.4,0.6,0.4,0.6,2.3,2.7
"114",114,114,"reggie evans","PF",34,"SAC",47,7,16.3,1.2,2.9,"0.423",0,0,"0",1.2,2.9,"0.43","0.423",1.3,2.1,"0.619",2.1,4.3,6.4,0.7,0.5,0.1,1,1.9,3.7
"115",115,115,"kenneth faried","PF",25,"DEN",75,71,27.8,5,9.8,"0.507",0,0.1,"0.125",5,9.7,"0.511","0.507",2.7,3.8,"0.691",3.2,5.7,8.9,1.2,0.8,0.8,1.6,2.8,12.6
"116",116,116,"derrick favors","PF",23,"UTA",74,74,30.8,6.5,12.4,"0.525",0,0.1,"0.167",6.5,12.3,"0.527","0.526",3,4.5,"0.669",2.6,5.6,8.2,1.5,0.8,1.7,1.6,2.8,16
"117",117,117,"channing frye","PF",31,"ORL",75,51,24.9,2.5,6.5,"0.392",1.8,4.6,"0.393",0.7,1.9,"0.39","0.532",0.4,0.5,"0.886",0.4,3.5,3.9,1.3,0.6,0.5,1,2.5,7.3
"118",118,118,"kevin garnett","PF",38,"TOT",47,47,20.3,3,6.5,"0.467",0,0.1,"0.143",3,6.4,"0.475","0.469",0.8,1,"0.8",1,5.6,6.6,1.6,1,0.4,1,2.3,6.9
"119",119,119,"pau gasol","PF",34,"CHI",78,78,34.4,7.3,14.8,"0.494",0.2,0.3,"0.462",7.2,14.4,"0.495","0.5",3.8,4.7,"0.803",2.8,9,11.8,2.7,0.3,1.9,2,1.9,18.5
"120",120,120,"taj gibson","PF",29,"CHI",62,17,27.3,4.1,8.2,"0.502",0,0,"NA",4.1,8.2,"0.502","0.502",2.1,3,"0.717",2.6,3.8,6.4,1.1,0.6,1.2,1.2,2.6,10.3
"121",121,121,"drew gooden","PF",33,"WAS",51,7,16.9,2.2,5.4,"0.399",0.5,1.2,"0.39",1.7,4.3,"0.401","0.44",0.7,0.9,"0.773",1.4,3,4.4,1,0.4,0.2,0.5,1.8,5.4
"122",122,122,"aaron gordon","PF",19,"ORL",47,8,17,2,4.4,"0.447",0.3,1,"0.271",1.7,3.4,"0.5","0.478",0.9,1.3,"0.721",1,2.6,3.6,0.7,0.4,0.5,0.8,1.8,5.2
"123",123,123,"drew gordon","PF",24,"PHI",9,0,7.9,0.9,2.1,"0.421",0,0.3,"0",0.9,1.8,"0.5","0.421",0.1,0.2,"0.5",0.8,1.2,2,0.2,0.1,0,0.9,0.8,1.9
"124",124,124,"draymond green","PF",24,"GSW",79,79,31.5,4.3,9.7,"0.443",1.4,4.2,"0.337",2.9,5.5,"0.523","0.516",1.7,2.5,"0.66",1.4,6.7,8.2,3.7,1.6,1.3,1.7,3.2,11.7
"125",125,125,"jamychal green","PF",24,"TOT",24,1,6.8,1.1,2,"0.574",0,0.3,"0",1.1,1.7,"0.659","0.574",0.3,0.4,"0.8",0.8,1.1,1.9,0.2,0.2,0.2,0.6,1,2.6
"126",126,126,"blake griffin","PF",25,"LAC",67,67,35.2,8.6,17.1,"0.502",0.1,0.4,"0.4",8.4,16.7,"0.504","0.506",4.6,6.4,"0.728",1.9,5.7,7.6,5.3,0.9,0.5,2.3,2.9,21.9
"127",127,127,"tyler hansbrough","PF",29,"TOR",74,8,14.3,1.2,2.2,"0.521",0,0.1,"0.143",1.1,2.1,"0.538","0.524",1.3,1.9,"0.698",1.4,2.1,3.6,0.3,0.4,0.2,0.3,1.9,3.6
"128",128,128,"udonis haslem","PF",34,"MIA",62,25,16,1.7,3.9,"0.448",0,0.2,"0.2",1.7,3.7,"0.459","0.452",0.7,1,"0.703",1.1,3,4.2,0.7,0.3,0.2,0.7,1.8,4.2
"129",129,129,"spencer hawes","PF",26,"LAC",73,15,17.5,2.2,5.7,"0.393",0.8,2.4,"0.313",1.5,3.3,"0.452","0.459",0.6,0.9,"0.647",0.4,3.1,3.5,1.2,0.3,0.7,0.8,2.4,5.8
"130",130,130,"nene hilario","PF",32,"WAS",67,58,25.3,4.6,9,"0.511",0,0.1,"0.2",4.6,8.9,"0.513","0.512",1.8,3,"0.604",1.3,3.9,5.1,1.8,1,0.3,1.9,2.7,11
"131",131,131,"kris humphries","PF",29,"WAS",64,17,21,3.3,7,"0.473",0,0.1,"0",3.3,6.9,"0.481","0.473",1.4,1.8,"0.744",1.8,4.7,6.5,0.9,0.5,0.4,0.7,2,8
"132",132,132,"serge ibaka","PF",25,"OKC",64,64,33.1,5.8,12.3,"0.476",1.2,3.2,"0.376",4.6,9.1,"0.511","0.525",1.4,1.7,"0.836",2.1,5.7,7.8,0.9,0.5,2.4,1.5,3,14.3
"133",133,133,"ersan ilyasova","PF",27,"MIL",58,36,22.7,4.5,9.6,"0.472",1.3,3.3,"0.389",3.3,6.3,"0.515","0.539",1.2,1.8,"0.645",1.4,3.4,4.8,1,0.6,0.3,0.8,2.6,11.5
"134",134,134,"cory jefferson","PF",24,"BRK",50,1,10.6,1.5,3.3,"0.449",0,0.3,"0.133",1.5,3,"0.48","0.455",0.6,1.1,"0.574",0.9,2,2.9,0.3,0.2,0.4,0.4,1.2,3.7
"135",135,135,"jonas jerebko","PF",27,"TOT",75,0,16.4,2.3,5.1,"0.446",0.7,1.9,"0.386",1.5,3.2,"0.481","0.517",0.7,0.9,"0.848",1.2,2.5,3.8,0.9,0.6,0.2,0.6,1.8,6
"136",136,136,"grant jerrett","PF",21,"TOT",8,0,6.4,0.9,3.3,"0.269",0.1,1.9,"0.067",0.8,1.4,"0.545","0.288",0.1,0.1,"1",0.3,0.9,1.1,0.4,0.3,0.3,0.4,1.4,2
"137",137,137,"amir johnson","PF",27,"TOR",75,72,26.4,4,6.9,"0.574",0.3,0.6,"0.413",3.7,6.3,"0.59","0.592",1.1,1.7,"0.612",2.1,4,6.1,1.6,0.6,0.8,1.5,3,9.3
"138",138,138,"james johnson","PF",27,"TOR",70,17,19.6,3.4,5.8,"0.589",0.2,0.7,"0.216",3.2,5,"0.643","0.603",1,1.5,"0.657",0.9,2.8,3.7,1.4,0.8,1,1.1,2.2,7.9
"139",139,139,"terrence jones","PF",23,"HOU",33,24,26.9,4.8,9.1,"0.528",0.4,1.1,"0.351",4.4,7.9,"0.553","0.55",1.7,2.8,"0.606",2.4,4.3,6.7,1.1,0.5,1.8,1.1,2.4,11.7
"140",140,140,"ryan kelly","PF",23,"LAL",52,34,23.7,2,5.9,"0.337",0.9,2.6,"0.336",1.1,3.4,"0.337","0.409",1.5,1.8,"0.832",0.3,2.6,2.8,1.8,0.6,0.5,0.7,2.3,6.4
"141",141,141,"carl landry","PF",31,"SAC",70,15,17,2.7,5.3,"0.515",0,0,"NA",2.7,5.3,"0.515","0.515",1.8,2.1,"0.82",1.4,2.4,3.8,0.4,0.2,0.2,0.8,1.9,7.2
"142",142,142,"david lee","PF",31,"GSW",49,4,18.4,3.3,6.4,"0.511",0,0,"0",3.3,6.3,"0.514","0.511",1.4,2.1,"0.654",1.7,3.6,5.2,1.7,0.6,0.5,1,1.7,7.9
"143",143,143,"jon leuer","PF",25,"MEM",63,6,13.1,1.9,4.3,"0.443",0.1,0.5,"0.241",1.8,3.9,"0.467","0.456",0.6,0.9,"0.627",0.8,2.5,3.3,0.7,0.3,0.1,0.6,1.4,4.5
"144",144,144,"kevin love","PF",26,"CLE",75,75,33.8,5.5,12.7,"0.434",1.9,5.2,"0.367",3.6,7.5,"0.48","0.509",3.4,4.3,"0.804",1.9,7.9,9.7,2.2,0.7,0.5,1.6,1.9,16.4
"145",145,145,"kenyon martin","PF",37,"MIL",11,0,9.5,0.8,2,"0.409",0,0,"NA",0.8,2,"0.409","0.409",0.2,0.2,"1",0.5,1.2,1.7,0.5,0.5,0.5,0.3,1.2,1.8
"146",146,146,"jason maxiell","PF",31,"CHO",61,0,14.4,1.3,3.1,"0.422",0,0,"NA",1.3,3.1,"0.422","0.422",0.7,1.2,"0.577",1.4,1.9,3.3,0.3,0.3,0.7,0.5,1.6,3.3
"147",147,147,"luc mbah a moute","PF",28,"PHI",67,61,28.6,3.7,9.5,"0.395",0.9,3,"0.307",2.8,6.5,"0.435","0.443",1.4,2.4,"0.589",1.2,3.7,4.9,1.6,1.2,0.3,1.5,1.6,9.9
"148",148,148,"james michael mcadoo","PF",22,"GSW",15,0,9.1,1.6,2.9,"0.545",0,0,"NA",1.6,2.9,"0.545","0.545",0.9,1.7,"0.56",1,1.5,2.5,0.1,0.3,0.6,0.4,1.4,4.1
"149",149,149,"mitch mcgary","PF",22,"OKC",32,2,15.2,2.8,5.2,"0.533",0,0.1,"0",2.8,5.1,"0.54","0.533",0.8,1.3,"0.625",1.7,3.5,5.2,0.4,0.5,0.5,1,2.3,6.3
"150",150,150,"josh mcroberts","PF",27,"MIA",17,4,17.4,1.6,3.1,"0.528",0.5,1.1,"0.421",1.2,2,"0.588","0.604",0.5,0.8,"0.615",0.4,2.2,2.6,1.9,0.7,0.2,1.3,2.4,4.2
"151",151,151,"quincy miller","PF",22,"TOT",10,0,11.9,0.9,3.8,"0.237",0.3,1.8,"0.167",0.6,2,"0.3","0.276",0.8,1.1,"0.727",0.4,1.6,2,0.8,0.7,0.5,0.5,0.9,2.9
"152",152,152,"paul millsap","PF",29,"ATL",73,73,32.7,6.1,12.7,"0.476",1.1,3,"0.356",5,9.8,"0.513","0.518",3.5,4.6,"0.757",1.9,5.9,7.8,3.1,1.8,0.9,2.3,2.8,16.7
"153",153,153,"nikola mirotic","PF",23,"CHI",82,3,20.2,3.1,7.6,"0.405",1.2,3.8,"0.316",1.9,3.8,"0.495","0.485",2.8,3.5,"0.803",0.8,4.2,4.9,1.2,0.7,0.7,1.1,2.1,10.2
"154",154,154,"greg monroe","PF",24,"DET",69,57,31,6.1,12.4,"0.496",0,0,"NA",6.1,12.4,"0.496","0.496",3.7,4.9,"0.75",3.3,6.9,10.2,2.1,1.1,0.5,2.2,2.1,15.9
"155",155,155,"eric moreland","PF",23,"SAC",3,0,0.7,0.3,0.3,"1",0,0,"NA",0.3,0.3,"1","1",0,0,"NA",0,0.3,0.3,0,0,0,0,0.3,0.7
"156",156,156,"marcus morris","PF",25,"PHO",81,35,25.2,4.1,9.4,"0.434",1.4,3.9,"0.358",2.7,5.6,"0.487","0.507",0.9,1.4,"0.628",0.9,3.9,4.8,1.6,0.8,0.2,0.9,2.3,10.4
"157",157,157,"markieff morris","PF",25,"PHO",82,82,31.5,6.2,13.4,"0.465",0.7,2.2,"0.318",5.5,11.2,"0.494","0.491",2.2,2.8,"0.763",1.3,4.8,6.2,2.3,1.2,0.5,2.1,3,15.3
"158",158,158,"donatas motiejunas","PF",24,"HOU",71,62,28.7,5,9.9,"0.504",0.7,1.9,"0.368",4.3,8,"0.536","0.539",1.4,2.3,"0.602",1.9,4,5.9,1.8,0.8,0.5,1.7,2.9,12
"159",159,159,"mike muscala","PF",23,"ATL",40,8,12.6,2.1,3.8,"0.55",0.2,0.6,"0.409",1.9,3.2,"0.574","0.579",0.6,0.6,"0.88",1.3,1.7,3,0.6,0.4,0.5,0.5,1.3,4.9
"160",160,160,"andrew nicholson","PF",25,"ORL",40,3,12.3,2.1,4.8,"0.437",0.3,1,"0.317",1.8,3.7,"0.47","0.471",0.4,0.6,"0.6",0.4,1.6,2.1,0.6,0.2,0.3,0.6,1.3,4.9
"161",161,161,"dirk nowitzki","PF",36,"DAL",77,77,29.6,6.3,13.8,"0.459",1.4,3.6,"0.38",5,10.2,"0.486","0.508",3.3,3.8,"0.882",0.6,5.4,5.9,1.9,0.5,0.4,1.1,2.1,17.3
"162",162,162,"johnny obryant","PF",21,"MIL",34,15,10.8,1.3,3.5,"0.367",0,0,"NA",1.3,3.5,"0.367","0.367",0.4,0.8,"0.444",0.8,1.1,1.9,0.5,0.1,0.1,0.7,1.3,2.9
"163",163,163,"kyle oquinn","PF",24,"ORL",51,17,16.2,2.3,4.7,"0.492",0.2,0.8,"0.279",2.1,3.9,"0.538","0.517",0.9,1.1,"0.772",0.9,3,3.9,1.2,0.6,0.8,1.1,2.2,5.8
"164",164,164,"jabari parker","PF",19,"MIL",25,25,29.5,5.2,10.5,"0.49",0.2,0.6,"0.25",5,9.9,"0.506","0.498",1.8,2.6,"0.697",2,3.5,5.5,1.7,1.2,0.2,1.9,1.7,12.3
"165",165,165,"patrick patterson","PF",25,"TOR",81,4,26.6,3,6.6,"0.449",1.3,3.5,"0.371",1.7,3.1,"0.536","0.547",0.8,1,"0.788",1.6,3.8,5.3,1.9,0.7,0.5,0.7,1.8,8
"166",166,166,"adreian payne","PF",23,"TOT",32,22,23.1,2.8,6.9,"0.414",0,0.3,"0.111",2.8,6.6,"0.427","0.416",0.9,1.4,"0.652",1.5,3.6,5.1,0.9,0.6,0.3,1.4,2.8,6.7
"167",167,167,"dwight powell","PF",23,"TOT",29,0,8.1,1.1,2.3,"0.463",0.1,0.4,"0.273",1,1.9,"0.5","0.485",0.9,1.1,"0.758",0.6,1.1,1.7,0.3,0.3,0.2,0.4,1.4,3.1
"168",168,168,"julius randle","PF",20,"LAL",1,0,14,1,3,"0.333",0,0,"NA",1,3,"0.333","0.333",0,2,"0",0,0,0,0,0,0,1,1,2
"169",169,169,"shavlik randolph","PF",31,"TOT",21,0,6,0.4,1.7,"0.257",0,0.2,"0",0.4,1.4,"0.3","0.257",0.3,0.6,"0.5",0.8,1,1.8,0.2,0.2,0.1,0.1,0.8,1.1
"170",170,170,"zach randolph","PF",33,"MEM",71,71,32.5,6.4,13.1,"0.487",0.1,0.3,"0.35",6.3,12.8,"0.49","0.491",3.2,4.2,"0.765",3.2,7.4,10.5,2.2,1,0.2,2.2,2.5,16.1
"171",171,171,"thomas robinson","PF",23,"TOT",54,4,14.8,2.3,4.8,"0.485",0,0,"0",2.3,4.8,"0.488","0.485",1,2,"0.528",1.8,3.9,5.6,0.6,0.6,0.4,1.1,1.9,5.7
"172",172,172,"luis scola","PF",34,"IND",81,16,20.5,3.7,7.9,"0.467",0.1,0.2,"0.25",3.6,7.7,"0.474","0.471",2,2.8,"0.699",1.7,4.8,6.5,1.3,0.6,0.2,1.2,2.4,9.4
"173",173,173,"mike scott","PF",26,"ATL",68,0,16.5,3,6.7,"0.444",1,2.8,"0.344",2,3.8,"0.517","0.517",0.9,1.1,"0.792",0.7,2.3,2.9,1.1,0.4,0,0.6,1.2,7.8
"174",174,174,"greg smith","PF",24,"DAL",42,2,8.6,0.7,1.2,"0.612",0,0,"NA",0.7,1.2,"0.612","0.612",0.5,0.9,"0.513",0.6,1.3,1.9,0.2,0.2,0.3,0.3,1.3,1.9
"175",175,175,"josh smith","PF",29,"TOT",83,35,27.7,5,11.9,"0.419",0.9,2.7,"0.316",4.1,9.1,"0.451","0.456",1.5,3.1,"0.498",1.8,4.6,6.4,3.3,1,1.4,2.5,2.7,12.4
"176",176,176,"jarnell stokes","PF",21,"MEM",19,2,6.6,1.1,1.9,"0.568",0,0,"NA",1.1,1.9,"0.568","0.568",0.8,1.5,"0.536",0.8,0.9,1.8,0.2,0.3,0.3,0.4,1.3,3
"177",177,177,"amare stoudemire","PF",32,"TOT",59,15,21.1,4.6,8.3,"0.557",0,0.1,"0",4.6,8.2,"0.562","0.557",2.3,3.2,"0.72",1.9,3.7,5.6,0.8,0.5,0.6,1.3,2.7,11.5
"178",178,178,"jared sullinger","PF",22,"BOS",58,49,27,5.4,12.2,"0.439",0.9,3.2,"0.283",4.5,9,"0.494","0.476",1.7,2.2,"0.744",2.5,5.1,7.6,2.3,0.8,0.7,1.3,2.6,13.3
"179",179,179,"mirza teletovic","PF",29,"BRK",40,4,22.3,3.1,8,"0.382",1.6,4.8,"0.321",1.5,3.2,"0.476","0.48",0.8,1.2,"0.717",0.7,4.2,4.9,1.2,0.4,0.4,1.3,1.9,8.5
"180",180,180,"malcolm thomas","PF",26,"PHI",17,0,11.4,1.1,2.4,"0.45",0,0.4,"0",1.1,1.9,"0.545","0.45",0.5,0.8,"0.692",0.9,2.4,3.3,0.4,0.2,0.1,0.8,1,2.6
"181",181,181,"tyrus thomas","PF",28,"MEM",2,0,3.5,0.5,0.5,"1",0,0,"NA",0.5,0.5,"1","1",1,1,"1",0,0,0,0.5,0,0,0,0,2
"182",182,182,"jason thompson","PF",28,"SAC",81,63,24.6,2.5,5.3,"0.47",0,0,"0",2.5,5.3,"0.471","0.47",1.1,1.8,"0.622",1.7,4.8,6.5,1,0.4,0.7,1,3,6.1
"183",183,183,"tristan thompson","PF",23,"CLE",82,15,26.8,3.3,6,"0.547",0,0,"NA",3.3,6,"0.547","0.547",1.9,3,"0.641",3.3,4.7,8,0.5,0.4,0.7,1,2.3,8.5
"184",184,184,"anthony tolliver","PF",29,"TOT",76,11,18.8,2.1,5.2,"0.41",1.4,3.8,"0.366",0.7,1.4,"0.534","0.545",0.7,0.9,"0.783",0.7,2.4,3.1,0.8,0.3,0.2,0.7,1.8,6.3
"185",185,185,"ekpe udoh","PF",27,"LAC",33,0,3.9,0.3,0.7,"0.458",0,0,"NA",0.3,0.7,"0.458","0.458",0.2,0.3,"0.778",0.2,0.6,0.8,0.2,0.2,0.2,0.2,0.6,0.9
"186",186,186,"charlie villanueva","PF",30,"DAL",64,1,10.6,2.3,5.7,"0.414",1.3,3.5,"0.376",1,2.2,"0.475","0.529",0.3,0.5,"0.571",0.5,1.9,2.3,0.3,0.2,0.3,0.4,1,6.3
"187",187,187,"noah vonleh","PF",19,"CHO",25,0,10.4,1.2,3,"0.395",0.2,0.5,"0.385",1,2.5,"0.397","0.428",0.7,1,"0.692",1.1,2.3,3.4,0.2,0.2,0.4,0.4,0.8,3.3
"188",188,188,"david wear","PF",24,"SAC",2,0,3.5,0,1,"0",0,0.5,"0",0,0.5,"0","0",0,0,"NA",1,0,1,0.5,0,0,0,0.5,0
"189",189,189,"david west","PF",34,"IND",66,66,28.7,4.9,10.4,"0.471",0.1,0.3,"0.2",4.8,10.1,"0.479","0.474",1.8,2.4,"0.739",1.6,5.2,6.8,3.4,0.7,0.7,1.8,2.4,11.7
"190",190,190,"shayne whittington","PF",23,"IND",20,0,5.4,1,2.1,"0.452",0.1,0.3,"0.167",0.9,1.8,"0.5","0.464",0.9,1.2,"0.783",0.5,1,1.5,0.3,0.3,0.1,0.3,0.9,2.9
"191",191,191,"derrick williams","PF",23,"SAC",74,6,19.8,2.9,6.6,"0.447",0.7,2.1,"0.314",2.3,4.4,"0.511","0.498",1.8,2.6,"0.684",0.6,2.2,2.7,0.7,0.5,0.1,0.8,0.9,8.3
"192",192,192,"marvin williams","PF",28,"CHO",78,37,26.1,2.7,6.3,"0.424",1.2,3.4,"0.358",1.5,2.9,"0.5","0.52",0.8,1.1,"0.713",0.7,4.2,4.9,1.3,0.9,0.5,0.8,1.9,7.4
"193",193,193,"brandan wright","PF",27,"TOT",75,7,19.3,3.1,4.8,"0.642",0,0,"0",3.1,4.8,"0.647","0.642",1,1.5,"0.696",1.7,2.6,4.3,0.5,0.7,1.3,0.5,1.4,7.3
"194",194,194,"thaddeus young","PF",26,"TOT",76,68,32,5.9,12.7,"0.466",0.5,1.5,"0.33",5.4,11.2,"0.484","0.486",1.7,2.6,"0.655",1.7,3.7,5.4,2.3,1.6,0.3,1.5,2.3,14.1
"195",195,195,"lance thomas","PF",26,"TOT",62,37,24,2.9,7.1,"0.412",0.1,0.4,"0.318",2.8,6.8,"0.417","0.42",1.2,1.6,"0.727",1,2.1,3.1,1.1,0.6,0.1,1.2,1.6,7.1
"196",196,196,"dj augustin","PG",27,"TOT",82,14,24,3.1,7.9,"0.399",1,3,"0.337",2.1,4.9,"0.436","0.463",2.2,2.5,"0.868",0.2,1.7,2,4.3,0.6,0,1.8,1.1,9.5
"197",197,197,"jj barea","PG",30,"DAL",77,10,17.7,2.9,7,"0.42",0.7,2.2,"0.323",2.2,4.8,"0.463","0.47",1,1.2,"0.809",0.3,1.4,1.7,3.4,0.4,0,0.9,1.4,7.5
"198",198,198,"jerryd bayless","PG",26,"MIL",77,4,22.3,2.9,6.7,"0.426",0.5,1.6,"0.308",2.4,5.1,"0.462","0.462",1.6,1.8,"0.883",0.3,2.5,2.7,3,0.8,0.2,1.7,2.1,7.8
"199",199,199,"patrick beverley","PG",26,"HOU",56,55,30.8,3.6,9.5,"0.383",2.1,5.8,"0.356",1.6,3.7,"0.426","0.492",0.8,1.1,"0.75",1.2,3,4.2,3.4,1.1,0.4,1.5,3.3,10.1
"200",200,200,"steve blake","PG",34,"POR",81,0,18.9,1.5,4,"0.373",1,2.7,"0.352",0.6,1.3,"0.417","0.491",0.4,0.5,"0.707",0.2,1.5,1.7,3.6,0.5,0.1,1.3,1.5,4.3
"201",201,201,"eric bledsoe","PG",25,"PHO",81,81,34.6,5.8,12.9,"0.447",1.1,3.4,"0.324",4.7,9.6,"0.491","0.489",4.4,5.4,"0.8",0.9,4.3,5.2,6.1,1.6,0.6,3.4,2.3,17
"202",202,202,"aaron brooks","PG",30,"CHI",82,21,23,4.2,10,"0.421",1.5,3.8,"0.387",2.7,6.1,"0.442","0.495",1.8,2.1,"0.833",0.4,1.6,2,3.2,0.7,0.2,1.9,2.3,11.6
"203",203,203,"lorenzo brown","PG",24,"MIN",29,7,18.9,1.8,4.2,"0.426",0.2,1,"0.214",1.6,3.2,"0.489","0.451",0.4,0.7,"0.632",0.5,1.9,2.4,3.1,1,0.2,1,1.7,4.2
"204",204,204,"trey burke","PG",22,"UTA",76,43,30.1,4.9,13.2,"0.368",1.6,5.1,"0.318",3.2,8.1,"0.4","0.43",1.4,1.9,"0.752",0.4,2.3,2.7,4.3,0.9,0.2,1.6,1.6,12.8
"205",205,205,"dwight buycks","PG",25,"LAL",6,0,20.5,3,6.7,"0.45",1.2,1.8,"0.636",1.8,4.8,"0.379","0.538",1.5,1.7,"0.9",0.3,1.7,2,2.3,0.5,0,2,0.5,8.7
"206",206,206,"jose calderon","PG",33,"NYK",42,42,30.2,3.5,8.4,"0.415",1.4,3.4,"0.415",2.1,5,"0.415","0.499",0.7,0.8,"0.906",0.5,2.5,3,4.7,0.7,0,1.8,1.8,9.1
"207",207,207,"isaiah canaan","PG",23,"TOT",47,21,20,3.1,8,"0.386",1.9,5.2,"0.37",1.2,2.8,"0.417","0.507",1,1.3,"0.817",0.4,1.5,1.9,2.1,0.6,0.1,1.3,1.8,9.2
"208",208,208,"michael carter-williams","PG",23,"TOT",66,63,32.6,5.5,13.9,"0.396",0.5,2.3,"0.235",5,11.6,"0.428","0.416",3.1,4.4,"0.694",1,4.4,5.3,6.7,1.7,0.5,3.8,2.5,14.6
"209",209,209,"mario chalmers","PG",28,"MIA",80,37,29.6,3.3,8.3,"0.403",0.9,3.1,"0.294",2.4,5.2,"0.467","0.458",2.6,3.3,"0.774",0.3,2.3,2.6,3.8,1.5,0.1,2.2,3.1,10.2
"210",210,210,"will cherry","PG",23,"CLE",8,0,8.6,0.6,2.4,"0.263",0.3,1.1,"0.222",0.4,1.3,"0.3","0.316",0.4,0.8,"0.5",0.1,0.5,0.6,1,0.8,0.1,0.5,1.3,1.9
"211",211,211,"jordan clarkson","PG",22,"LAL",59,38,25,4.5,10.1,"0.448",0.6,2.1,"0.314",3.9,8.1,"0.482","0.48",2.2,2.7,"0.829",0.9,2.3,3.2,3.5,0.9,0.2,1.6,1.8,11.9
"212",212,212,"norris cole","PG",26,"TOT",75,25,24.4,3.1,7.4,"0.412",0.7,2.3,"0.313",2.3,5.1,"0.458","0.461",0.8,1.1,"0.716",0.2,1.9,2.1,3.4,0.8,0.2,1.3,1.7,7.6
"213",213,213,"darren collison","PG",27,"SAC",45,45,34.8,5.8,12.2,"0.473",1.3,3.6,"0.373",4.4,8.6,"0.514","0.527",3.2,4.1,"0.788",0.4,2.8,3.2,5.6,1.5,0.3,2.5,2.1,16.1
"214",214,214,"mike conley","PG",27,"MEM",70,70,31.8,5.6,12.6,"0.446",1.5,4,"0.386",4.1,8.6,"0.473","0.506",3.1,3.6,"0.859",0.4,2.6,3,5.4,1.3,0.2,2.2,2,15.8
"215",215,215,"bryce cotton","PG",22,"UTA",15,0,10.6,1.9,4.6,"0.42",0.5,1.3,"0.35",1.5,3.3,"0.449","0.471",1,1.2,"0.833",0.2,1,1.2,1,0.3,0,0.8,0.4,5.3
"216",216,216,"seth curry","PG",24,"PHO",2,0,4,0,1.5,"0",0,0.5,"0",0,1,"0","0",0,0,"NA",0,1,1,0.5,0,0,0,1,0
"217",217,217,"stephen curry","PG",26,"GSW",80,80,32.7,8.2,16.8,"0.487",3.6,8.1,"0.443",4.6,8.7,"0.528","0.594",3.9,4.2,"0.914",0.7,3.6,4.3,7.7,2,0.2,3.1,2,23.8
"218",218,218,"spencer dinwiddie","PG",21,"DET",34,1,13.4,1.5,5,"0.302",0.4,1.9,"0.185",1.1,3.1,"0.375","0.337",0.9,1,"0.912",0.1,1.3,1.4,3.1,0.6,0.2,1,1.6,4.3
"219",219,219,"larry drew","PG",24,"PHI",12,1,18.3,1.7,4.8,"0.345",0.3,2.2,"0.154",1.3,2.7,"0.5","0.379",0.2,0.3,"0.667",0.1,1.2,1.3,3.8,0.5,0,2.1,1.1,3.8
"220",220,220,"tyler ennis","PG",20,"TOT",33,1,12.5,1.6,4.4,"0.361",0.4,1.3,"0.279",1.2,3.1,"0.396","0.403",0.2,0.2,"0.714",0.2,0.8,1.1,2.2,0.5,0.2,1.3,1.1,3.7
"221",221,221,"dante exum","PG",19,"UTA",82,41,22.2,1.8,5.1,"0.349",1,3.2,"0.314",0.8,1.9,"0.408","0.448",0.2,0.4,"0.625",0.3,1.3,1.6,2.4,0.5,0.2,1.4,1.8,4.8
"222",222,222,"jordan farmar","PG",28,"LAC",36,0,14.7,1.7,4.4,"0.386",1,2.7,"0.361",0.7,1.7,"0.426","0.497",0.3,0.3,"0.909",0.2,0.9,1.2,1.9,0.6,0.1,0.9,1.4,4.6
"223",223,223,"raymond felton","PG",30,"DAL",29,3,9.7,1.5,3.7,"0.406",0.3,1.2,"0.294",1.1,2.5,"0.458","0.453",0.4,0.5,"0.8",0.1,0.8,0.9,1.4,0.4,0.1,0.6,0.6,3.7
"224",224,224,"tim frazier","PG",24,"TOT",11,3,21.7,1.9,5.5,"0.344",0.5,1.5,"0.294",1.5,4,"0.364","0.385",0.9,1.9,"0.476",0.5,2,2.5,5.5,0.7,0,2.3,2.4,5.2
"225",225,225,"jimmer fredette","PG",25,"NOP",50,0,10.2,1.3,3.3,"0.38",0.2,1,"0.188",1.1,2.4,"0.458","0.407",0.9,0.9,"0.956",0.2,0.6,0.8,1.2,0.3,0,0.7,0.9,3.6
"226",226,226,"langston galloway","PG",23,"NYK",45,41,32.4,4.5,11.4,"0.399",1.4,3.9,"0.352",3.2,7.4,"0.424","0.46",1.4,1.7,"0.808",0.8,3.4,4.2,3.3,1.2,0.3,1.4,2.9,11.8
"227",227,227,"erick green","PG",23,"DEN",43,1,9.5,1.4,3.8,"0.377",0.3,1.1,"0.298",1.1,2.7,"0.409","0.42",0.2,0.3,"0.833",0.2,0.6,0.7,0.9,0.3,0,0.3,0.6,3.4
"228",228,228,"jorge gutierrez","PG",26,"TOT",20,1,8.8,1.1,2.1,"0.537",0,0.2,"0",1.1,1.9,"0.579","0.537",0.5,0.7,"0.692",0.3,1,1.3,1.1,0.3,0,0.6,1.3,2.7
"229",229,229,"devin harris","PG",31,"DAL",76,3,22.2,2.9,6.9,"0.418",1.3,3.5,"0.357",1.6,3.4,"0.481","0.509",1.7,2.1,"0.815",0.2,1.6,1.8,3.1,1,0.2,1.1,1.9,8.8
"230",230,230,"george hill","PG",28,"IND",43,36,29.5,5.9,12.4,"0.477",1.6,4.5,"0.358",4.3,8,"0.544","0.541",2.6,3.3,"0.79",0.6,3.6,4.2,5.1,1,0.3,1.6,2.6,16.1
"231",231,231,"jrue holiday","PG",24,"NOP",40,37,32.6,6,13.4,"0.446",1.3,3.4,"0.378",4.7,10,"0.469","0.493",1.6,1.9,"0.855",0.8,2.6,3.4,6.9,1.6,0.6,2.3,2.8,14.8
"232",232,232,"kyrie irving","PG",22,"CLE",75,75,36.4,7.7,16.5,"0.468",2.1,5,"0.415",5.6,11.4,"0.491","0.532",4.2,4.9,"0.863",0.7,2.4,3.2,5.2,1.5,0.3,2.5,1.9,21.7
"233",233,233,"jarrett jack","PG",31,"BRK",80,27,28,4.5,10.2,"0.439",0.5,1.8,"0.267",4,8.4,"0.477","0.463",2.5,2.8,"0.881",0.2,2.8,3.1,4.7,0.9,0.2,2.4,1.8,12
"234",234,234,"reggie jackson","PG",24,"TOT",77,40,29.5,5.6,12.9,"0.434",0.9,3.1,"0.299",4.7,9.8,"0.477","0.47",2.4,2.8,"0.83",0.7,3.5,4.2,6,0.8,0.1,2.4,2.2,14.5
"235",235,235,"brandon jennings","PG",25,"DET",41,41,28.6,5.3,13.2,"0.401",1.9,5.1,"0.36",3.5,8.1,"0.428","0.471",2.9,3.5,"0.839",0.5,2,2.5,6.6,1.1,0.1,2.2,1.6,15.4
"236",236,236,"cory joseph","PG",23,"SAS",79,14,18.3,2.6,5.2,"0.504",0.2,0.6,"0.364",2.4,4.6,"0.52","0.523",1.3,1.8,"0.734",0.6,1.9,2.4,2.4,0.6,0.2,0.8,1.3,6.8
"237",237,237,"shane larkin","PG",22,"NYK",76,22,24.5,2.5,5.7,"0.433",0.5,1.5,"0.302",2,4.2,"0.481","0.473",0.8,1,"0.782",0.4,1.9,2.3,3,1.2,0.1,1.1,2,6.2
"238",238,238,"zach lavine","PG",19,"MIN",77,40,24.7,3.7,8.8,"0.422",0.7,2.2,"0.341",3,6.6,"0.449","0.465",1.9,2.3,"0.842",0.4,2.4,2.8,3.6,0.7,0.1,2.5,2.1,10.1
"239",239,239,"ty lawson","PG",27,"DEN",75,75,35.5,5.4,12.3,"0.436",0.9,2.7,"0.341",4.5,9.6,"0.463","0.474",3.5,4.8,"0.73",0.6,2.6,3.1,9.6,1.2,0.1,2.5,1.7,15.2
"240",240,240,"damian lillard","PG",24,"POR",82,82,35.7,7.2,16.6,"0.434",2.4,7,"0.343",4.8,9.6,"0.5","0.506",4.2,4.9,"0.864",0.6,4,4.6,6.2,1.2,0.3,2.7,2,21
"241",241,241,"jeremy lin","PG",26,"LAL",74,30,25.8,3.7,8.8,"0.424",0.9,2.4,"0.369",2.9,6.5,"0.444","0.473",2.9,3.6,"0.795",0.4,2.3,2.6,4.6,1.1,0.4,2.2,2.6,11.2
"242",242,242,"shaun livingston","PG",29,"GSW",78,2,18.8,2.5,5.1,"0.5",0,0,"0",2.5,5.1,"0.503","0.5",0.8,1.2,"0.714",0.6,1.8,2.3,3.3,0.6,0.3,1.3,1.4,5.9
"243",243,243,"kyle lowry","PG",28,"TOR",70,70,34.5,6.1,14.9,"0.412",1.9,5.6,"0.338",4.3,9.3,"0.457","0.476",3.6,4.5,"0.808",0.8,3.9,4.7,6.8,1.6,0.2,2.5,3,17.8
"244",244,244,"kalin lucas","PG",25,"MEM",1,0,6,0,1,"0",0,0,"NA",0,1,"0","0",0,0,"NA",0,0,0,0,1,0,0,1,0
"245",245,245,"john lucas iii","PG",32,"DET",21,0,13,2,5,"0.404",0.4,1.4,"0.31",1.6,3.6,"0.44","0.447",0.2,0.2,"1",0.2,0.6,0.8,2.9,0.4,0,0.8,0.9,4.7
"246",246,246,"shelvin mack","PG",24,"ATL",55,0,15.1,2.1,5.3,"0.401",0.7,2.3,"0.315",1.4,3,"0.467","0.469",0.5,0.6,"0.806",0.1,1.3,1.4,2.8,0.5,0,0.9,0.6,5.4
"247",247,247,"kendall marshall","PG",23,"MIL",28,3,14.9,1.6,3.6,"0.455",0.6,1.6,"0.391",1,2,"0.509","0.545",0.3,0.3,"0.889",0.1,0.9,1,3.1,0.8,0,1.3,0.9,4.2
"248",248,248,"ray mccallum","PG",23,"SAC",68,30,21.1,3,6.9,"0.438",0.5,1.6,"0.306",2.5,5.3,"0.479","0.474",0.8,1.2,"0.679",0.8,1.9,2.6,2.8,0.7,0.2,1.3,1.4,7.4
"249",249,249,"jerel mcneal","PG",27,"PHO",6,0,6,0.5,1.8,"0.273",0.2,0.3,"0.5",0.3,1.5,"0.222","0.318",0.3,0.3,"1",0,0.5,0.5,0.3,0.5,0.2,0.8,0.8,1.5
"250",250,250,"gal mekel","PG",26,"NOP",4,0,10.8,0.8,5,"0.15",0,0.8,"0",0.8,4.3,"0.176","0.15",0,0,"NA",0,0.3,0.3,3.3,0.5,0,0.5,0.3,1.5
"251",251,251,"andre miller","PG",38,"TOT",81,0,15.5,1.8,3.6,"0.5",0.1,0.4,"0.206",1.7,3.2,"0.539","0.512",0.7,1,"0.753",0.5,1.4,1.9,3.5,0.4,0.1,1.3,1.3,4.4
"252",252,252,"patty mills","PG",26,"SAS",51,0,15.7,2.5,6.6,"0.381",1.2,3.6,"0.341",1.3,3,"0.429","0.473",0.6,0.8,"0.825",0.4,1.1,1.5,1.7,0.5,0,0.7,1.1,6.9
"253",253,253,"darius morris","PG",24,"BRK",38,0,7.9,0.9,2.8,"0.34",0.2,0.9,"0.212",0.8,1.9,"0.397","0.373",0.1,0.2,"0.444",0.2,0.5,0.7,1.3,0.2,0,0.6,0.5,2.2
"254",254,254,"shabazz napier","PG",23,"MIA",51,10,19.8,1.7,4.5,"0.382",0.8,2.3,"0.364",0.9,2.2,"0.4","0.476",0.9,1.1,"0.786",0.3,1.9,2.2,2.5,0.8,0.1,1.6,1.5,5.1
"255",255,255,"jameer nelson","PG",32,"TOT",63,29,22.3,3.3,8,"0.407",1.4,4.1,"0.345",1.8,3.9,"0.472","0.495",0.4,0.6,"0.667",0.5,1.8,2.3,4,0.7,0.1,1.7,2.2,8.3
"256",256,256,"jannero pargo","PG",35,"CHO",9,0,8.1,1.7,3.9,"0.429",1,2.4,"0.409",0.7,1.4,"0.462","0.557",0.2,0.2,"1",0,0.3,0.3,0.9,0,0,0.3,0.9,4.6
"257",257,257,"tony parker","PG",32,"SAS",68,68,28.7,5.9,12.2,"0.486",0.6,1.3,"0.427",5.4,10.9,"0.493","0.508",1.9,2.4,"0.783",0.2,1.7,1.9,4.9,0.6,0,2.1,1.6,14.4
"258",258,258,"chris paul","PG",29,"LAC",82,82,34.8,6.9,14.3,"0.485",1.7,4.3,"0.398",5.2,10,"0.523","0.545",3.5,3.9,"0.9",0.6,4,4.6,10.2,1.9,0.2,2.3,2.5,19.1
"259",259,259,"elfrid payton","PG",20,"ORL",82,63,30.4,3.7,8.6,"0.425",0.1,0.5,"0.262",3.5,8.1,"0.435","0.433",1.4,2.6,"0.551",1.3,3,4.3,6.5,1.7,0.2,2.5,2.4,8.9
"260",260,260,"phil pressey","PG",23,"BOS",50,0,12,1.3,3.5,"0.368",0.3,1.3,"0.246",1,2.2,"0.44","0.414",0.7,1,"0.673",0.3,1.3,1.6,2.3,0.6,0.1,0.8,1.1,3.5
"261",261,261,"a.j. price","PG",28,"TOT",26,0,12.5,2,5.3,"0.372",0.6,2.2,"0.263",1.4,3.1,"0.45","0.427",0.6,0.9,"0.667",0.2,1,1.2,1.8,0.3,0,0.5,0.6,5.1
"262",262,262,"ronnie price","PG",31,"LAL",43,20,22.8,1.8,5.2,"0.345",0.7,2.5,"0.284",1.1,2.7,"0.404","0.415",0.8,1,"0.8",0.4,1.2,1.6,3.8,1.6,0.1,1.2,2.7,5.1
"263",263,263,"pablo prigioni","PG",37,"TOT",67,3,17.9,1.4,3.4,"0.399",0.9,2.5,"0.343",0.5,0.9,"0.548","0.524",0.5,0.6,"0.854",0.4,1.3,1.8,2.6,1.2,0,0.9,1.3,4.1
"264",264,264,"luke ridnour","PG",33,"ORL",47,0,14.5,1.6,3.7,"0.426",0.4,1.3,"0.317",1.2,2.4,"0.487","0.483",0.4,0.4,"0.857",0.2,1.3,1.4,2,0.4,0.1,0.8,1.4,4
"265",265,265,"brian roberts","PG",29,"CHO",72,10,18.5,2.4,6.3,"0.389",0.9,2.7,"0.321",1.6,3.6,"0.44","0.458",0.9,1,"0.892",0.2,1.3,1.5,2.3,0.5,0.1,0.8,1,6.7
"266",266,266,"nate robinson","PG",30,"TOT",42,1,14.1,2.1,6.1,"0.345",0.7,2.7,"0.277",1.4,3.4,"0.399","0.406",0.7,1.1,"0.674",0.4,0.8,1.2,2.3,0.5,0.1,0.7,1.8,5.7
"267",267,267,"rajon rondo","PG",28,"TOT",68,68,29.7,4,9.5,"0.426",0.4,1.3,"0.314",3.6,8.2,"0.444","0.447",0.5,1.1,"0.397",1.1,4.4,5.5,7.9,1.3,0.1,3.1,2.3,8.9
"268",268,268,"derrick rose","PG",26,"CHI",51,51,30,6.6,16.4,"0.405",1.5,5.3,"0.28",5.1,11.1,"0.465","0.45",3,3.7,"0.813",0.7,2.5,3.2,4.9,0.7,0.3,3.2,1.2,17.7
"269",269,269,"ricky rubio","PG",24,"MIN",22,22,31.5,3.5,10,"0.356",0.6,2.3,"0.255",3,7.6,"0.387","0.386",2.6,3.2,"0.803",0.9,4.8,5.7,8.8,1.7,0,2.9,2.7,10.3
"270",270,270,"dennis schroder","PG",21,"ATL",77,10,19.7,3.7,8.6,"0.427",0.7,1.9,"0.351",3,6.7,"0.449","0.466",1.9,2.3,"0.827",0.4,1.8,2.1,4.1,0.6,0.1,1.9,1.6,10
"271",271,271,"ramon sessions","PG",28,"TOT",64,10,18.6,2,5.2,"0.374",0.3,0.9,"0.317",1.7,4.3,"0.387","0.403",2.1,2.7,"0.769",0.4,1.9,2.3,2.8,0.5,0,1.3,1.1,6.3
"272",272,272,"donald sloan","PG",27,"IND",53,21,20.9,2.7,6.7,"0.408",0.8,2.5,"0.313",2,4.2,"0.464","0.466",1.1,1.5,"0.779",0.2,2.5,2.7,3.6,0.4,0,1.2,0.9,7.4
"273",273,273,"marcus smart","PG",20,"BOS",67,38,27,2.6,7.1,"0.367",1.4,4.1,"0.335",1.3,3.1,"0.41","0.462",1.2,1.9,"0.646",0.9,2.4,3.3,3.1,1.5,0.3,1.3,2.6,7.8
"274",274,274,"ish smith","PG",26,"TOT",55,14,15.1,2.6,6.7,"0.39",0.3,1.1,"0.3",2.3,5.6,"0.407","0.414",0.6,1,"0.596",0.3,1.5,1.8,3.3,0.7,0.1,1.4,0.9,6.1
"275",275,275,"russ smith","PG",23,"TOT",12,0,5.4,0.7,2.1,"0.32",0.2,0.9,"0.182",0.5,1.2,"0.429","0.36",1,1.1,"0.923",0.1,0.4,0.5,0.7,0.3,0,1,1.1,2.5
"276",276,276,"david stockton","PG",23,"SAC",3,0,11,0.7,2,"0.333",0.3,0.7,"0.5",0.3,1.3,"0.25","0.417",1,2,"0.5",0,0.7,0.7,3,0.7,0,1.3,0.3,2.7
"277",277,277,"rodney stuckey","PG",28,"IND",71,36,26.4,4.7,10.6,"0.44",0.8,2,"0.39",3.9,8.6,"0.452","0.477",2.5,3,"0.819",0.5,3,3.5,3.1,0.8,0.1,1.7,1.8,12.6
"278",278,278,"jeff teague","PG",26,"ATL",73,72,30.5,5.6,12.2,"0.46",1,2.8,"0.343",4.6,9.3,"0.496","0.5",3.8,4.4,"0.862",0.4,2.1,2.5,7,1.7,0.4,2.8,1.9,15.9
"279",279,279,"sebastian telfair","PG",29,"OKC",16,1,20.4,2.9,7.8,"0.368",1.1,3.8,"0.3",1.8,4.1,"0.431","0.44",1.5,2.1,"0.706",0.1,1.8,1.9,2.8,0.6,0,1.1,1.8,8.4
"280",280,280,"isaiah thomas","PG",25,"TOT",67,1,25.8,5,11.9,"0.42",1.9,5.2,"0.373",3.1,6.7,"0.457","0.501",4.5,5.2,"0.868",0.5,1.8,2.3,4.2,0.9,0.1,2.1,2.2,16.4
"281",281,281,"beno udrih","PG",32,"MEM",79,12,18.9,3.1,6.4,"0.487",0.3,1.2,"0.268",2.8,5.2,"0.539","0.513",1.1,1.3,"0.853",0.3,1.6,1.8,2.8,0.6,0.1,1.1,1.1,7.7
"282",282,282,"greivis vasquez","PG",28,"TOR",82,29,24.3,3.6,8.8,"0.408",1.6,4.3,"0.379",2,4.6,"0.436","0.5",0.6,0.8,"0.758",0.3,2.4,2.6,3.7,0.6,0.1,1.5,2.2,9.5
"283",283,283,"kemba walker","PG",24,"CHO",62,58,34.2,6.1,15.8,"0.385",1.4,4.5,"0.304",4.7,11.3,"0.418","0.429",3.8,4.6,"0.827",0.6,3,3.5,5.1,1.4,0.5,1.6,1.5,17.3
"284",284,284,"john wall","PG",24,"WAS",79,79,35.9,6.6,14.8,"0.445",0.8,2.7,"0.3",5.7,12,"0.478","0.473",3.6,4.6,"0.785",0.5,4.2,4.6,10,1.7,0.6,3.8,2.3,17.6
"285",285,285,"cj watson","PG",30,"IND",57,21,24.9,3.2,7.3,"0.434",1.2,3.1,"0.4",1.9,4.2,"0.459","0.518",2.4,2.9,"0.826",0.3,2.5,2.9,3.6,1,0.2,1.8,1.9,10
"286",286,286,"russell westbrook","PG",26,"OKC",67,67,34.4,9.4,22,"0.426",1.3,4.3,"0.299",8.1,17.7,"0.457","0.455",8.1,9.8,"0.835",1.9,5.4,7.3,8.6,2.1,0.2,4.4,2.7,28.1
"287",287,287,"deron williams","PG",30,"BRK",68,55,31.1,4.4,11.3,"0.387",1.3,3.5,"0.367",3.1,7.9,"0.395","0.443",3,3.5,"0.834",0.4,3.1,3.5,6.6,0.9,0.3,2.3,2.3,13
"288",288,288,"mo williams","PG",32,"TOT",68,33,29.1,5,12.6,"0.397",1.8,5.1,"0.342",3.3,7.5,"0.434","0.466",2.4,2.8,"0.872",0.3,2.2,2.6,6.2,0.7,0.2,2.5,2.4,14.2
"289",289,289,"nate wolters","PG",23,"TOT",21,0,11.8,1,2.7,"0.351",0,0.3,"0",1,2.4,"0.4","0.351",0.1,0.3,"0.333",0.4,1.2,1.6,1,0.4,0.1,0.6,0.9,2
"290",290,290,"tony wroten","PG",21,"PHI",30,15,29.8,5.8,14.5,"0.403",1.2,4.7,"0.261",4.6,9.7,"0.473","0.446",4,6,"0.667",0.7,2.1,2.9,5.2,1.6,0.3,3.8,2.4,16.9
"291",291,291,"brandon knight","PG",23,"TOT",63,61,32.3,6,14.1,"0.422",2,5.1,"0.389",4,9,"0.441","0.493",3.1,3.5,"0.874",0.4,3.4,3.9,5.2,1.4,0.2,3,1.8,17
"292",292,292,"austin rivers","PG",22,"TOT",76,5,20.6,2.7,6.5,"0.409",0.5,1.7,"0.298",2.2,4.8,"0.449","0.449",1.1,1.7,"0.675",0.4,1.6,2,2,0.6,0.2,0.9,1.9,7
"293",293,293,"al-farouq aminu","SF",24,"DAL",74,3,18.5,2,4.8,"0.412",0.5,1.7,"0.274",1.5,3.1,"0.485","0.459",1.1,1.6,"0.712",1.5,3.1,4.6,0.8,0.9,0.8,0.7,1.9,5.6
"294",294,294,"kyle anderson","SF",21,"SAS",33,8,10.8,0.9,2.7,"0.348",0.1,0.3,"0.273",0.8,2.4,"0.359","0.365",0.3,0.4,"0.643",0.2,2,2.2,0.8,0.5,0.2,0.3,0.8,2.2
"295",295,295,"carmelo anthony","SF",30,"NYK",40,40,35.7,9,20.2,"0.444",1.5,4.5,"0.341",7.4,15.7,"0.474","0.482",4.7,5.9,"0.797",1.8,4.8,6.6,3.1,1,0.4,2.2,2.2,24.2
"296",296,296,"trevor ariza","SF",29,"HOU",82,82,35.7,4.5,11.1,"0.402",2.4,6.8,"0.35",2.1,4.3,"0.485","0.509",1.5,1.7,"0.853",0.9,4.7,5.6,2.5,1.9,0.2,1.7,2.3,12.8
"297",297,297,"luke babbitt","SF",25,"NOP",63,19,13.2,1.5,3,"0.479",0.9,1.8,"0.513",0.5,1.2,"0.429","0.633",0.2,0.3,"0.684",0.2,1.6,1.8,0.4,0.3,0.2,0.4,1,4.1
"298",298,298,"harrison barnes","SF",22,"GSW",82,82,28.3,3.9,8,"0.482",1.1,2.6,"0.405",2.8,5.4,"0.519","0.548",1.3,1.8,"0.72",1.4,4.1,5.5,1.4,0.7,0.2,0.9,1.8,10.1
"299",299,299,"matt barnes","SF",34,"LAC",76,74,29.9,3.6,8.2,"0.444",1.8,4.9,"0.362",1.9,3.3,"0.569","0.553",1,1.3,"0.779",0.7,3.3,4,1.5,0.9,0.7,1.1,3.2,10.1
"300",300,300,"nicolas batum","SF",26,"POR",71,71,33.5,3.4,8.5,"0.4",1.4,4.4,"0.324",2,4.1,"0.481","0.483",1.2,1.4,"0.857",0.9,5,5.9,4.8,1.1,0.6,1.9,1.5,9.4
"301",301,301,"bojan bogdanovic","SF",25,"BRK",78,28,23.8,3.3,7.4,"0.453",1.2,3.3,"0.355",2.2,4.1,"0.531","0.532",1.1,1.4,"0.821",0.6,2.1,2.7,0.9,0.4,0.1,1,1.3,9
"302",302,302,"corey brewer","SF",28,"TOT",80,17,26.1,4.3,10.1,"0.426",0.8,2.9,"0.268",3.5,7.1,"0.491","0.465",2.1,2.8,"0.743",1,2.7,3.7,2.2,1.4,0.2,1.6,2.2,11.5
"303",303,303,"chase budinger","SF",26,"MIN",67,4,19.2,2.5,5.8,"0.433",0.8,2.1,"0.364",1.7,3.7,"0.474","0.5",1,1.2,"0.827",0.5,2.5,3,1,0.7,0.1,0.7,1.1,6.8
"304",304,304,"reggie bullock","SF",23,"TOT",36,2,9.4,0.7,1.9,"0.343",0.4,1.3,"0.326",0.3,0.7,"0.375","0.45",0.2,0.3,"0.667",0,1.4,1.4,0.2,0.3,0.1,0.2,0.5,1.9
"305",305,305,"caron butler","SF",34,"DET",78,21,20.8,2.1,5.1,"0.407",1.1,2.8,"0.379",1,2.3,"0.441","0.511",0.7,0.8,"0.902",0.3,2.2,2.5,1,0.6,0.1,0.6,1.5,5.9
"306",306,306,"rasual butler","SF",35,"WAS",75,1,20.1,2.9,6.9,"0.422",1.2,3.1,"0.387",1.7,3.8,"0.45","0.51",0.7,0.9,"0.791",0.4,2.3,2.6,0.8,0.4,0.3,0.6,1.3,7.7
"307",307,307,"bruno caboclo","SF",19,"TOR",8,0,2.9,0.5,1.5,"0.333",0.3,0.4,"0.667",0.3,1.1,"0.222","0.417",0,0,"NA",0.1,0.1,0.3,0,0,0.1,0.5,0.4,1.3
"308",308,308,"demarre carroll","SF",28,"ATL",70,69,31.3,4.5,9.3,"0.487",1.7,4.3,"0.395",2.8,5,"0.567","0.579",1.8,2.6,"0.702",1.4,3.9,5.3,1.7,1.3,0.2,1.1,2.2,12.6
"309",309,309,"omri casspi","SF",26,"SAC",67,19,21.1,3.1,6.4,"0.489",0.5,1.3,"0.402",2.6,5.1,"0.512","0.53",2.1,2.9,"0.733",0.8,3.1,3.9,1.5,0.5,0.1,1.3,1.6,8.9
"310",310,310,"wilson chandler","SF",27,"DEN",78,75,31.7,5.4,12.5,"0.429",1.8,5.2,"0.342",3.6,7.3,"0.49","0.5",1.4,1.8,"0.775",1.2,4.9,6.1,1.7,0.7,0.4,1.4,3,13.9
"311",311,311,"victor claver","SF",26,"POR",10,0,7.6,0.9,2,"0.45",0.6,1.1,"0.545",0.3,0.9,"0.333","0.6",0,0,"NA",0.3,1.7,2,0.1,0.1,0.1,0.4,1.2,2.4
"312",312,312,"chris copeland","SF",30,"IND",50,12,16.6,2.2,6.2,"0.361",1,3.3,"0.311",1.2,2.9,"0.42","0.445",0.7,0.9,"0.733",0.5,1.8,2.2,1,0.2,0.2,1.2,1.6,6.2
"313",313,313,"robert covington","SF",24,"PHI",70,49,27.9,4.3,10.8,"0.396",2.4,6.4,"0.374",1.9,4.4,"0.426","0.506",2.5,3.1,"0.82",0.9,3.6,4.5,1.5,1.4,0.4,1.8,2.7,13.5
"314",314,314,"jae crowder","SF",24,"TOT",82,17,20.1,2.8,6.6,"0.42",0.7,2.5,"0.293",2,4.1,"0.499","0.476",1.3,1.7,"0.773",0.9,2.7,3.6,1.1,0.9,0.3,0.6,1.7,7.7
"315",315,315,"luigi datome","SF",27,"TOT",21,1,10,2,4.2,"0.483",0.9,1.9,"0.45",1.2,2.3,"0.51","0.584",0,0,"1",0.1,1.2,1.4,0.4,0.1,0.3,0.4,0.7,5
"316",316,316,"austin daye","SF",26,"TOT",34,4,10.1,1.5,4.1,"0.355",0.7,2.1,"0.338",0.8,2.1,"0.371","0.44",0.1,0.2,"0.833",0.3,1.9,2.2,0.5,0.4,0.1,0.7,1.1,3.8
"317",317,317,"luol deng","SF",29,"MIA",72,72,33.6,5.1,10.9,"0.469",1.1,3.1,"0.355",4,7.9,"0.513","0.518",2.7,3.5,"0.761",1.4,3.8,5.2,1.9,0.9,0.3,1.5,1.5,14
"318",318,318,"mike dunleavy","SF",34,"CHI",63,63,29.2,3.3,7.6,"0.435",1.7,4.2,"0.407",1.6,3.5,"0.468","0.546",1.1,1.4,"0.805",0.4,3.5,3.9,1.8,0.6,0.3,1,2,9.4
"319",319,319,"kevin durant","SF",26,"OKC",27,27,33.8,8.8,17.3,"0.51",2.4,5.9,"0.403",6.4,11.4,"0.565","0.578",5.4,6.3,"0.854",0.6,6,6.6,4.1,0.9,0.9,2.7,1.5,25.4
"320",320,320,"cleanthony early","SF",23,"NYK",39,7,16.6,1.9,5.5,"0.355",0.6,2.2,"0.262",1.4,3.3,"0.415","0.407",0.9,1.2,"0.75",0.6,1.9,2.5,0.9,0.6,0.3,1,1.5,5.4
"321",321,321,"james ennis","SF",24,"MIA",62,3,17,1.6,4,"0.409",0.5,1.5,"0.326",1.1,2.5,"0.461","0.472",1.3,1.5,"0.84",0.8,2,2.8,0.8,0.4,0.3,0.6,1.4,5
"322",322,322,"jeremy evans","SF",27,"UTA",38,0,7,0.8,1.5,"0.552",0.1,0.1,"0.4",0.8,1.4,"0.566","0.569",0.6,0.8,"0.828",0.7,1.2,1.9,0.3,0.3,0.3,0.1,0.8,2.4
"323",323,323,"landry fields","SF",26,"TOR",26,9,8.3,0.8,1.6,"0.488",0,0.1,"0.5",0.7,1.5,"0.487","0.5",0.2,0.2,"0.833",0.4,0.6,1,0.6,0.4,0,0.3,0.3,1.8
"324",324,324,"danilo gallinari","SF",26,"DEN",59,27,24.2,3.9,9.6,"0.401",1.8,5.1,"0.355",2.1,4.5,"0.453","0.496",2.9,3.2,"0.895",0.5,3.2,3.7,1.4,0.8,0.3,1,1.6,12.4
"325",325,325,"francisco garcia","SF",33,"HOU",14,0,14.3,1.2,4.5,"0.27",0.7,3.2,"0.222",0.5,1.3,"0.389","0.349",0.1,0.3,"0.25",0.2,1,1.2,1.1,0.6,0.4,0.7,1.4,3.2
"326",326,326,"rudy gay","SF",28,"SAC",68,67,35.4,7.5,16.4,"0.455",1.2,3.2,"0.359",6.3,13.2,"0.479","0.491",5,5.8,"0.858",1.4,4.4,5.9,3.7,1,0.6,2.7,2.3,21.1
"327",327,327,"alonzo gee","SF",27,"TOT",54,2,12.3,1.6,3.4,"0.468",0.2,0.6,"0.371",1.4,2.8,"0.49","0.503",1,1.4,"0.701",0.7,1.1,1.7,0.5,0.6,0.1,0.6,1.1,4.5
"328",328,328,"paul george","SF",24,"IND",6,0,15.2,3,8.2,"0.367",1.5,3.7,"0.409",1.5,4.5,"0.333","0.459",1.3,1.8,"0.727",0.7,3,3.7,1,0.8,0.2,2,1.8,8.8
"329",329,329,"danny granger","SF",31,"MIA",30,6,20.4,2.2,5.4,"0.401",1,2.8,"0.357",1.2,2.6,"0.449","0.494",0.9,1.2,"0.757",0.7,2,2.7,0.6,0.4,0.2,0.8,2.2,6.3
"330",330,330,"jerami grant","SF",20,"PHI",65,11,21.2,1.9,5.4,"0.352",0.8,2.4,"0.314",1.2,3,"0.383","0.422",1.8,3,"0.591",0.8,2.3,3,1.2,0.6,1,1.3,2.2,6.3
"331",331,331,"jeff green","SF",28,"TOT",78,70,31.5,5.3,12.4,"0.43",1.2,3.7,"0.332",4.1,8.7,"0.473","0.48",3.1,3.7,"0.833",0.8,3.4,4.2,1.7,0.7,0.4,1.4,1.9,15
"332",332,332,"jordan hamilton","SF",24,"LAC",14,2,8.7,1,2.5,"0.4",0.7,1.5,"0.476",0.3,1,"0.286","0.543",0,0,"NA",0.1,1,1.1,0.5,0.1,0,0.3,1,2.7
"333",333,333,"maurice harkless","SF",21,"ORL",45,4,15,1.4,3.5,"0.399",0.2,1.2,"0.179",1.2,2.3,"0.52","0.43",0.5,0.9,"0.537",0.8,1.5,2.4,0.6,0.7,0.2,0.6,1.5,3.5
"334",334,334,"tobias harris","SF",22,"ORL",68,63,34.8,6.5,14,"0.466",1.3,3.5,"0.364",5.2,10.4,"0.5","0.512",2.8,3.6,"0.788",1.1,5.3,6.3,1.8,1,0.5,1.7,2,17.1
"335",335,335,"gordon hayward","SF",24,"UTA",76,76,34.4,6.4,14.3,"0.445",1.6,4.3,"0.364",4.8,10,"0.481","0.5",4.9,6.1,"0.812",0.7,4.2,4.9,4.1,1.4,0.4,2.7,1.7,19.3
"336",336,336,"xavier henry","SF",23,"LAL",9,0,9.6,0.3,1.4,"0.231",0,0,"NA",0.3,1.4,"0.231","0.231",1.6,2.7,"0.583",0.2,0.2,0.4,0.3,0.3,0,0.3,0.7,2.2
"337",337,337,"solomon hill","SF",23,"IND",82,78,29,3.1,7.7,"0.396",0.8,2.5,"0.327",2.2,5.2,"0.43","0.45",1.9,2.4,"0.824",0.9,3,3.8,2.2,0.8,0.2,1.4,2.2,8.9
"338",338,338,"robbie hummel","SF",25,"MIN",45,4,16.5,1.8,3.8,"0.459",0.4,1.1,"0.314",1.4,2.7,"0.521","0.506",0.5,0.6,"0.828",0.7,2.3,3,0.6,0.4,0.2,0.4,1.9,4.4
"339",339,339,"andre iguodala","SF",31,"GSW",77,0,26.9,3,6.4,"0.466",1,2.8,"0.349",2,3.7,"0.553","0.54",0.9,1.5,"0.596",0.6,2.8,3.3,3,1.2,0.3,1.1,1.3,7.8
"340",340,340,"joe ingles","SF",27,"UTA",79,32,21.2,1.9,4.5,"0.415",0.9,2.6,"0.356",0.9,1.9,"0.493","0.517",0.4,0.5,"0.75",0.3,1.9,2.2,2.3,0.9,0.1,1.2,1.6,5
"341",341,341,"lebron james","SF",30,"CLE",69,69,36.1,9,18.5,"0.488",1.7,4.9,"0.354",7.3,13.6,"0.536","0.535",5.4,7.7,"0.71",0.7,5.3,6,7.4,1.6,0.7,3.9,2,25.3
"342",342,342,"richard jefferson","SF",34,"DAL",74,18,16.8,1.9,4.4,"0.444",0.9,2.1,"0.426",1.1,2.3,"0.462","0.546",1.1,1.5,"0.684",0.3,2.1,2.5,0.8,0.4,0.1,0.7,1.6,5.8
"343",343,343,"chris johnson","SF",24,"TOT",29,2,18.1,2.1,5.3,"0.403",1,3.3,"0.295",1.2,2,"0.576","0.494",0.5,0.6,"0.875",0.3,1.6,1.9,0.5,0.9,0.2,0.5,1.5,5.7
"344",344,344,"wesley johnson","SF",27,"LAL",76,59,29.5,3.8,9.1,"0.414",1.2,3.4,"0.351",2.6,5.7,"0.451","0.48",1.2,1.5,"0.804",0.9,3.3,4.2,1.6,0.8,0.6,1.1,2.1,9.9
"345",345,345,"dahntay jones","SF",34,"LAC",33,0,3.7,0.2,0.6,"0.286",0,0.1,"0",0.2,0.5,"0.353","0.286",0.3,0.3,"0.818",0,0.3,0.3,0.1,0.1,0,0,0.7,0.6
"346",346,346,"james jones","SF",34,"CLE",57,2,11.7,1.3,3.5,"0.368",1.1,3.1,"0.36",0.2,0.5,"0.423","0.525",0.7,0.8,"0.848",0.2,0.9,1.1,0.4,0.2,0.1,0.2,1.2,4.4
"347",347,347,"perry jones","SF",23,"OKC",43,13,14.7,1.7,4.3,"0.397",0.3,1.4,"0.233",1.4,2.9,"0.476","0.435",0.6,0.9,"0.649",0.1,1.6,1.8,0.4,0.4,0.2,0.6,1.2,4.3
"348",348,348,"michael kidd-gilchrist","SF",21,"CHO",55,52,28.9,4.1,8.8,"0.465",0,0,"NA",4.1,8.8,"0.465","0.465",2.7,3.9,"0.701",2,5.6,7.6,1.4,0.5,0.7,1.1,2.1,10.9
"349",349,349,"andrei kirilenko","SF",33,"BRK",7,0,5.1,0,0.7,"0",0,0,"NA",0,0.7,"0","0",0.4,0.6,"0.75",0.3,0.9,1.1,0.1,0.1,0,0.1,0.1,0.4
"350",350,350,"kawhi leonard","SF",23,"SAS",64,64,31.8,6.2,12.8,"0.479",1,3,"0.349",5.1,9.8,"0.519","0.52",3.2,3.9,"0.802",1.3,5.9,7.2,2.5,2.3,0.8,1.5,2,16.5
"351",351,351,"shawn marion","SF",36,"CLE",57,24,19.3,2.1,4.7,"0.446",0.2,0.8,"0.261",1.9,3.9,"0.484","0.468",0.5,0.6,"0.765",1.1,2.4,3.5,0.9,0.5,0.5,0.6,1,4.8
"352",352,352,"cartier martin","SF",30,"DET",23,0,8.6,0.7,2.3,"0.283",0.3,1.4,"0.182",0.4,0.9,"0.45","0.34",0,0,"NA",0,0.9,0.9,0.5,0.1,0,0.2,0.9,1.6
"353",353,353,"doug mcdermott","SF",23,"CHI",36,0,8.9,1.2,3,"0.402",0.4,1.1,"0.317",0.8,1.8,"0.455","0.463",0.3,0.4,"0.667",0.2,1,1.2,0.2,0.1,0,0.5,0.8,3
"354",354,354,"khris middleton","SF",23,"MIL",79,58,30.1,5.1,11,"0.467",1.4,3.4,"0.407",3.8,7.6,"0.494","0.53",1.7,2,"0.859",0.6,3.8,4.4,2.3,1.5,0.1,1.4,2.3,13.4
"355",355,355,"darius miller","SF",24,"NOP",5,1,8.6,0.2,1.4,"0.143",0,0.2,"0",0.2,1.2,"0.167","0.143",0,0,"NA",0,0.2,0.2,0.4,0.2,0,0.2,1.6,0.4
"356",356,356,"mike miller","SF",34,"CLE",52,15,13.5,0.7,2.2,"0.325",0.6,1.9,"0.327",0.1,0.3,"0.313","0.465",0.1,0.1,"0.75",0.1,1.7,1.8,0.9,0.3,0.1,0.4,1.4,2.1
"357",357,357,"kostas papanikolaou","SF",24,"HOU",43,1,18.5,1.6,4.6,"0.35",0.7,2.5,"0.292",0.9,2.1,"0.418","0.429",0.3,0.4,"0.722",0.9,1.8,2.7,2,0.7,0.3,1.3,1.7,4.2
"358",358,358,"chandler parsons","SF",26,"DAL",66,66,33.1,5.8,12.6,"0.462",2,5.3,"0.38",3.8,7.3,"0.521","0.542",2.1,2.9,"0.72",1,3.9,4.9,2.4,1,0.3,1.5,2.1,15.7
"359",359,359,"paul pierce","SF",37,"WAS",73,73,26.2,4,9,"0.447",1.6,4.2,"0.389",2.4,4.8,"0.496","0.537",2.2,2.9,"0.781",0.6,3.4,4,2,0.6,0.3,1.3,2.2,11.9
"360",360,360,"otto porter","SF",21,"WAS",74,13,19.4,2.4,5.3,"0.45",0.5,1.4,"0.337",1.9,3.9,"0.491","0.495",0.8,1.1,"0.734",0.9,2,3,0.9,0.6,0.4,0.7,1.3,6
"361",361,361,"tayshaun prince","SF",34,"TOT",58,16,24.1,3.1,6.9,"0.44",0.5,1.2,"0.463",2.5,5.8,"0.436","0.479",0.8,1.1,"0.754",0.9,2.7,3.6,1.6,0.5,0.3,0.6,0.9,7.5
"362",362,362,"terrence ross","SF",23,"TOR",82,61,25.5,3.8,9.2,"0.41",1.8,4.8,"0.372",2,4.4,"0.452","0.507",0.5,0.7,"0.786",0.4,2.4,2.8,1,0.6,0.3,0.8,1.7,9.8
"363",363,363,"damjan rudez","SF",28,"IND",68,2,15.4,1.8,3.9,"0.452",1,2.5,"0.406",0.7,1.4,"0.538","0.584",0.2,0.3,"0.696",0.1,0.6,0.7,0.8,0.2,0.1,0.7,1.2,4.8
"364",364,364,"john salmons","SF",35,"NOP",21,0,12.9,0.8,2.3,"0.333",0.4,1.2,"0.308",0.4,1,"0.364","0.417",0.1,0.2,"0.5",0.2,0.8,1,0.6,0.4,0.2,0.2,1.2,2
"365",365,365,"jakarr sampson","SF",21,"PHI",74,32,15.3,2,4.7,"0.422",0.4,1.7,"0.244",1.6,3,"0.525","0.467",0.9,1.3,"0.67",0.5,1.7,2.2,1,0.5,0.4,1,1.8,5.2
"366",366,366,"thabo sefolosha","SF",30,"ATL",52,7,18.8,2,4.8,"0.418",0.5,1.5,"0.321",1.5,3.3,"0.462","0.468",0.9,1.1,"0.776",1,3.3,4.3,1.4,1,0.4,0.7,1.3,5.3
"367",367,367,"kyle singler","SF",26,"TOT",80,58,21.8,2.2,5.6,"0.386",1.2,3,"0.398",1,2.6,"0.371","0.493",0.5,0.7,"0.769",0.4,2,2.4,1.1,0.6,0.3,0.7,1.9,6
"368",368,368,"tony snell","SF",23,"CHI",72,22,19.6,2.2,5.2,"0.429",1,2.7,"0.371",1.2,2.4,"0.494","0.527",0.6,0.8,"0.8",0.4,2,2.4,0.9,0.4,0.2,0.7,1.2,6
"369",369,369,"jeffery taylor","SF",25,"CHO",29,13,14.8,1.6,3.9,"0.395",0.4,1.2,"0.306",1.2,2.7,"0.436","0.443",0.9,1.4,"0.634",0.5,1.3,1.8,0.8,0.4,0,0.7,1.2,4.4
"370",370,370,"pj tucker","SF",29,"PHO",78,63,30.6,3.3,7.6,"0.438",1.1,3.2,"0.345",2.2,4.4,"0.506","0.511",1.3,1.8,"0.727",1.5,5,6.4,1.6,1.4,0.3,1.2,2.3,9.1
"371",371,371,"hedo turkoglu","SF",35,"LAC",62,2,11.4,1.3,3,"0.441",1,2.2,"0.432",0.4,0.8,"0.469","0.601",0.1,0.2,"0.545",0.1,1.5,1.6,0.6,0.3,0.1,0.5,1.1,3.7
"372",372,372,"henry walker","SF",27,"MIA",24,13,26.2,2.4,7,"0.345",1.9,5.5,"0.341",0.5,1.5,"0.361","0.479",0.6,0.8,"0.778",0.3,3.1,3.4,1.2,1,0.4,1,3.2,7.3
"373",373,373,"gerald wallace","SF",32,"BOS",32,0,8.9,0.4,1.1,"0.412",0,0.1,"0.333",0.4,1,"0.419","0.426",0.2,0.5,"0.4",0.5,1.3,1.8,0.3,0.5,0.1,0.6,0.6,1.1
"374",374,374,"tj warren","SF",21,"PHO",40,1,15.4,2.8,5.4,"0.528",0.1,0.5,"0.238",2.7,4.8,"0.56","0.54",0.4,0.5,"0.737",1,1.1,2.1,0.6,0.5,0.2,0.7,1.3,6.1
"375",375,375,"travis wear","SF",24,"NYK",51,1,13.2,1.6,4.1,"0.402",0.2,0.6,"0.367",1.4,3.5,"0.408","0.428",0.4,0.5,"0.769",0.6,1.5,2.1,0.8,0.3,0.2,0.7,1.1,3.9
"376",376,376,"martell webster","SF",28,"WAS",32,0,11,0.8,2.8,"0.264",0.3,1.3,"0.233",0.4,1.5,"0.292","0.319",1.5,2,"0.75",0.3,1.1,1.4,0.5,0.2,0,0.7,0.8,3.3
"377",377,377,"andrew wiggins","SF",19,"MIN",82,82,36.2,6.1,13.9,"0.437",0.5,1.5,"0.31",5.6,12.3,"0.453","0.454",4.3,5.7,"0.76",1.6,2.9,4.6,2.1,1,0.6,2.2,2.3,16.9
"378",378,378,"reggie williams","SF",28,"SAS",20,0,5.3,0.8,2,"0.385",0.2,1,"0.158",0.6,1,"0.6","0.423",0.2,0.2,"1",0.3,0.6,0.9,0.5,0.1,0,0.1,0.6,1.9
"379",379,379,"shawne williams","SF",28,"TOT",63,22,17.3,1.9,4.8,"0.403",1,2.8,"0.36",0.9,1.9,"0.467","0.51",0.6,0.6,"0.875",0.6,2.1,2.6,0.7,0.4,0.3,0.5,2.1,5.4
"380",380,380,"dorell wright","SF",29,"POR",48,2,12.3,1.5,4,"0.379",0.9,2.3,"0.38",0.6,1.7,"0.378","0.487",0.7,0.9,"0.81",0.3,2,2.3,0.9,0.4,0.2,0.4,1.1,4.6
"381",381,381,"steve novak","SF",31,"TOT",35,0,5.6,0.6,1.6,"0.393",0.5,1.4,"0.396",0.1,0.2,"0.375","0.563",0,0.1,"0",0.1,0.6,0.6,0.3,0,0.1,0.1,0.7,1.8
"382",382,382,"quincy pondexter","SF",26,"TOT",75,30,23.9,2.5,6,"0.421",1.2,3.3,"0.373",1.3,2.7,"0.478","0.522",0.9,1.3,"0.74",0.7,1.9,2.6,1.3,0.3,0.3,0.7,2,7.2
"383",383,383,"jordan adams","SG",20,"MEM",30,0,8.3,1.2,2.9,"0.407",0.3,0.8,"0.4",0.8,2,"0.41","0.465",0.5,0.8,"0.609",0.3,0.6,0.9,0.5,0.5,0.2,0.5,0.8,3.1
"384",384,384,"arron afflalo","SG",29,"TOT",78,72,32.1,4.8,11.3,"0.424",1.5,4.3,"0.354",3.3,7.1,"0.466","0.491",2.1,2.5,"0.843",0.3,2.8,3.2,1.7,0.5,0.1,1.5,2.1,13.3
"385",385,385,"tony allen","SG",33,"MEM",63,41,26.2,3.6,7.2,"0.495",0.2,0.5,"0.345",3.4,6.8,"0.505","0.505",1.3,2,"0.627",1.6,2.8,4.4,1.4,2,0.5,1.4,2.6,8.6
"386",386,386,"alan anderson","SG",32,"BRK",74,19,23.6,2.6,5.9,"0.443",1,2.8,"0.348",1.6,3.1,"0.53","0.526",1.1,1.4,"0.812",0.4,2.3,2.8,1.1,0.8,0.1,0.8,2,7.4
"387",387,387,"giannis antetokounmpo","SG",20,"MIL",81,71,31.4,4.7,9.6,"0.491",0.1,0.5,"0.159",4.6,9.1,"0.511","0.496",3.2,4.3,"0.741",1.2,5.5,6.7,2.6,0.9,1,2.1,3.1,12.7
"388",388,388,"leandro barbosa","SG",32,"GSW",66,1,14.9,2.8,5.8,"0.474",0.7,1.7,"0.384",2.1,4.2,"0.511","0.53",0.9,1.1,"0.784",0.3,1,1.4,1.5,0.6,0.1,0.7,1.3,7.1
"389",389,389,"will barton","SG",24,"TOT",58,0,16.9,2.6,6.1,"0.425",0.4,1.5,"0.271",2.2,4.6,"0.474","0.458",1.3,1.6,"0.787",0.4,2.3,2.8,1.4,0.8,0.3,1.1,1.2,6.8
"390",390,390,"kent bazemore","SG",25,"ATL",75,10,17.7,1.9,4.4,"0.426",0.6,1.8,"0.364",1.2,2.7,"0.467","0.498",0.8,1.3,"0.6",0.3,2.7,3,1,0.7,0.4,1,1.7,5.2
"391",391,391,"bradley beal","SG",21,"WAS",63,59,33.4,5.8,13.5,"0.427",1.7,4.1,"0.409",4.1,9.4,"0.434","0.489",2.1,2.6,"0.783",0.9,2.9,3.8,3.1,1.2,0.3,2,2.2,15.3
"392",392,392,"marco belinelli","SG",28,"SAS",62,9,22.4,3.2,7.6,"0.423",1.4,3.7,"0.374",1.8,3.9,"0.471","0.515",1.4,1.6,"0.848",0.4,2.1,2.5,1.5,0.5,0,1,1.4,9.2
"393",393,393,"vander blue","SG",22,"LAL",2,1,37,4.5,15,"0.3",1,5,"0.2",3.5,10,"0.35","0.333",1,2.5,"0.4",1,3.5,4.5,4,1.5,0,3,2,11
"394",394,394,"avery bradley","SG",24,"BOS",77,77,31.5,5.6,13.1,"0.429",1.6,4.6,"0.352",4,8.6,"0.47","0.49",1,1.3,"0.79",0.6,2.5,3.1,1.8,1.1,0.2,1.4,2.3,13.9
"395",395,395,"jabari brown","SG",22,"LAL",19,5,29.9,3.7,8.9,"0.412",1.2,3.3,"0.371",2.5,5.7,"0.435","0.479",3.4,4.5,"0.753",0.2,1.7,1.9,2.1,0.6,0.1,1.7,1.7,11.9
"396",396,396,"markel brown","SG",23,"BRK",47,29,16.6,1.6,4.5,"0.362",0.4,1.4,"0.266",1.3,3.1,"0.404","0.402",1,1.2,"0.825",0.3,1.9,2.3,0.8,0.7,0.3,0.6,1.2,4.6
"397",397,397,"shannon brown","SG",29,"MIA",5,2,17.8,1.4,3.8,"0.368",0.6,1.4,"0.429",0.8,2.4,"0.333","0.447",0.6,0.8,"0.75",0,0.2,0.2,0.6,0.8,0,0.8,1.6,4
"398",398,398,"kobe bryant","SG",36,"LAL",35,35,34.5,7.6,20.4,"0.373",1.5,5.3,"0.293",6.1,15.1,"0.401","0.411",5.6,6.9,"0.813",0.7,4.9,5.7,5.6,1.3,0.2,3.7,1.9,22.3
"399",399,399,"alec burks","SG",23,"UTA",27,27,33.3,4.5,11.1,"0.403",1,2.5,"0.382",3.5,8.6,"0.409","0.447",3.9,4.8,"0.822",0.7,3.5,4.2,3,0.6,0.2,1.9,2.4,13.9
"400",400,400,"jimmy butler","SG",25,"CHI",65,65,38.7,6.5,14,"0.462",1.1,3,"0.378",5.4,11.1,"0.484","0.502",5.9,7.1,"0.834",1.8,4.1,5.8,3.3,1.8,0.6,1.4,1.7,20
"401",401,401,"will bynum","SG",32,"WAS",7,0,9.6,1.4,4.4,"0.323",0,1.3,"0",1.4,3.1,"0.455","0.323",0.3,0.6,"0.5",0.3,0.6,0.9,2.6,0.1,0.1,1.1,1.3,3.1
"402",402,402,"nick calathes","SG",25,"MEM",58,0,14.4,1.8,4.3,"0.421",0.2,0.7,"0.256",1.6,3.5,"0.456","0.443",0.4,0.8,"0.533",0.3,1.5,1.8,2.5,1.1,0.1,1.1,1.7,4.2
"403",403,403,"kentavious caldwell-pope","SG",21,"DET",82,82,31.5,4.8,11.9,"0.401",1.9,5.4,"0.345",2.9,6.4,"0.449","0.48",1.3,1.9,"0.696",0.6,2.5,3.1,1.3,1.1,0.2,1.1,2,12.7
"404",404,404,"vince carter","SG",38,"MEM",66,1,16.5,2,6.2,"0.333",1,3.5,"0.297",1,2.6,"0.379","0.417",0.7,0.9,"0.789",0.4,1.6,2,1.2,0.7,0.2,0.7,1.5,5.8
"405",405,405,"patrick christopher","SG",26,"UTA",4,1,7.3,0.8,3,"0.25",0,1,"0",0.8,2,"0.375","0.25",0,0,"NA",0.5,1,1.5,0,0.3,0,0.3,1.5,1.5
"406",406,406,"ian clark","SG",23,"TOT",30,0,6.4,0.6,1.8,"0.345",0.3,1,"0.333",0.3,0.8,"0.36","0.436",0.3,0.3,"1",0.1,0.4,0.5,0.4,0.3,0.1,0.3,0.7,1.9
"407",407,407,"allen crabbe","SG",22,"POR",51,9,13.4,1.2,3,"0.412",0.6,1.7,"0.353",0.6,1.3,"0.485","0.51",0.2,0.3,"0.75",0.1,1.3,1.4,0.8,0.4,0.3,0.3,1.5,3.3
"408",408,408,"jamal crawford","SG",34,"LAC",64,4,26.6,5.2,13.1,"0.396",1.9,5.7,"0.327",3.3,7.4,"0.448","0.467",3.5,3.9,"0.901",0.3,1.7,1.9,2.5,0.9,0.2,1.4,1.7,15.8
"409",409,409,"jared cunningham","SG",23,"LAC",19,0,4.7,0.6,1.7,"0.364",0.2,0.7,"0.308",0.4,1.1,"0.4","0.424",0.4,0.7,"0.538",0.1,0.4,0.5,0.5,0.2,0,0.4,0.6,1.8
"410",410,410,"troy daniels","SG",23,"TOT",47,0,8.4,1.3,3.5,"0.37",0.9,2.5,"0.364",0.4,1,"0.383","0.5",0.2,0.3,"0.846",0.2,0.5,0.7,0.5,0.1,0,0.4,0.9,3.7
"411",411,411,"andre dawkins","SG",23,"MIA",4,0,5.5,0.3,1.5,"0.167",0.3,1.5,"0.167",0,0,"NA","0.25",0,0,"NA",0,0.5,0.5,0.3,0,0,0.3,0.8,0.8
"412",412,412,"matthew dellavedova","SG",24,"CLE",67,13,20.6,1.7,4.6,"0.362",1,2.5,"0.407",0.6,2.1,"0.307","0.472",0.4,0.6,"0.763",0.6,1.3,1.9,3,0.4,0,0.9,2.3,4.8
"413",413,413,"demar derozan","SG",25,"TOR",60,60,35,6.8,16.5,"0.413",0.4,1.5,"0.284",6.4,15,"0.426","0.426",6,7.2,"0.832",0.7,3.9,4.6,3.5,1.2,0.2,2.3,2,20.1
"414",414,414,"toney douglas","SG",28,"NOP",12,0,14.8,1.6,4.3,"0.373",0.4,1.5,"0.278",1.2,2.8,"0.424","0.422",0.7,1.1,"0.615",0.2,1.7,1.8,2,0.9,0.3,0.8,1.7,4.3
"415",415,415,"chris douglas-roberts","SG",28,"LAC",12,0,8.6,0.4,1.8,"0.238",0.1,0.6,"0.143",0.3,1.2,"0.286","0.262",0.7,0.7,"1",0.1,0.9,1,0.3,0.1,0,0,1.2,1.6
"416",416,416,"zoran dragic","SG",25,"TOT",16,1,4.7,0.7,1.9,"0.367",0.2,0.9,"0.214",0.5,1,"0.5","0.417",0.2,0.3,"0.6",0.3,0.2,0.5,0.3,0.1,0,0.3,0.4,1.8
"417",417,417,"jared dudley","SG",29,"MIL",72,22,23.8,2.8,5.9,"0.468",1,2.7,"0.385",1.7,3.2,"0.537","0.556",0.7,0.9,"0.716",0.6,2.4,3.1,1.8,1,0.2,0.9,1.6,7.2
"418",418,418,"wayne ellington","SG",27,"LAL",65,36,25.8,3.9,9.5,"0.412",1.4,3.7,"0.37",2.5,5.8,"0.439","0.485",0.8,1,"0.813",0.5,2.8,3.2,1.6,0.5,0,0.8,1.2,10
"419",419,419,"monta ellis","SG",29,"DAL",80,80,33.7,7.5,16.9,"0.445",1,3.6,"0.285",6.5,13.4,"0.487","0.475",2.9,3.8,"0.752",0.4,2,2.4,4.1,1.9,0.3,2.5,2.5,18.9
"420",420,420,"tyreke evans","SG",25,"NOP",79,76,34.1,6.6,14.7,"0.447",0.9,2.9,"0.304",5.7,11.9,"0.482","0.477",2.6,3.7,"0.694",1,4.2,5.3,6.6,1.3,0.5,3.1,2.5,16.6
"421",421,421,"evan fournier","SG",22,"ORL",58,32,28.6,4.4,9.9,"0.44",1.5,3.9,"0.378",2.9,6,"0.48","0.514",1.8,2.5,"0.728",0.5,2.2,2.6,2.1,0.7,0,1.4,2,12
"422",422,422,"randy foye","SG",31,"DEN",50,21,21.7,3,8,"0.368",1.9,5.3,"0.357",1.1,2.8,"0.388","0.485",0.9,1.1,"0.818",0.2,1.5,1.7,2.4,0.7,0.2,1.2,1.9,8.7
"423",423,423,"jamaal franklin","SG",23,"DEN",3,0,4.3,0.3,0.7,"0.5",0.3,0.7,"0.5",0,0,"NA","0.75",0,0,"NA",0.3,0.3,0.7,1,0,0.3,1,1.3,1
"424",424,424,"manu ginobili","SG",37,"SAS",70,0,22.7,3.6,8.4,"0.426",1.3,3.7,"0.345",2.3,4.7,"0.489","0.502",2.1,2.9,"0.721",0.4,2.6,3,4.2,1,0.3,2.2,2,10.5
"425",425,425,"archie goodwin","SG",20,"PHO",41,2,13,1.9,4.9,"0.393",0.3,1,"0.293",1.6,3.9,"0.419","0.423",1.5,2,"0.735",0.7,1.1,1.8,1.1,0.4,0.2,1.2,1.3,5.6
"426",426,426,"ben gordon","SG",31,"ORL",56,0,14.1,2.3,5.3,"0.437",0.6,1.7,"0.361",1.7,3.5,"0.475","0.497",1,1.2,"0.836",0.1,1,1.1,0.9,0.3,0,1,1.1,6.2
"427",427,427,"eric gordon","SG",26,"NOP",61,60,33.1,4.7,11.4,"0.411",2.3,5.2,"0.448",2.4,6.2,"0.38","0.512",1.8,2.2,"0.805",0.5,2.1,2.6,3.8,0.8,0.2,2,2.4,13.4
"428",428,428,"danny green","SG",27,"SAS",81,80,28.5,4,9.1,"0.436",2.4,5.6,"0.418",1.6,3.5,"0.466","0.566",1.4,1.6,"0.874",0.7,3.6,4.2,2,1.2,1.1,1.1,2,11.7
"429",429,429,"gerald green","SG",29,"PHO",74,4,19.5,4.4,10.5,"0.416",1.9,5.2,"0.354",2.5,5.3,"0.478","0.504",1.3,1.6,"0.825",0.4,2.1,2.5,1.2,0.6,0.2,1.4,2,11.9
"430",430,430,"willie green","SG",33,"ORL",52,2,18.3,2.3,5.9,"0.386",0.8,2.3,"0.347",1.5,3.6,"0.411","0.454",0.5,0.7,"0.824",0.3,1.3,1.5,1.3,0.5,0.1,0.9,1.6,5.9
"431",431,431,"p.j. hairston","SG",22,"CHO",45,2,15.3,1.9,6,"0.323",1.1,3.6,"0.301",0.8,2.4,"0.358","0.414",0.7,0.8,"0.861",0.5,1.6,2,0.5,0.5,0.3,0.5,1.4,5.6
"432",432,432,"tim hardaway","SG",22,"NYK",70,30,24,4,10.2,"0.389",1.7,5.1,"0.342",2.3,5.2,"0.435","0.474",1.8,2.2,"0.801",0.2,2.1,2.2,1.8,0.3,0.2,1.2,1.7,11.5
"433",433,433,"james harden","SG",25,"HOU",81,81,36.8,8,18.1,"0.44",2.6,6.9,"0.375",5.4,11.3,"0.48","0.511",8.8,10.2,"0.868",0.9,4.7,5.7,7,1.9,0.7,4,2.6,27.4
"434",434,434,"gary harris","SG",20,"DEN",55,6,13.1,1.2,3.9,"0.304",0.4,1.9,"0.204",0.8,2.1,"0.395","0.353",0.6,0.9,"0.745",0.4,0.8,1.2,0.5,0.7,0.1,0.7,1.3,3.4
"435",435,435,"joe harris","SG",23,"CLE",51,1,9.7,0.9,2.4,"0.4",0.6,1.6,"0.369",0.3,0.7,"0.472","0.529",0.2,0.3,"0.6",0.1,0.7,0.8,0.5,0.1,0,0.5,1.2,2.7
"436",436,436,"gerald henderson","SG",27,"CHO",80,72,28.9,4.6,10.6,"0.437",0.6,1.7,"0.331",4.1,8.9,"0.457","0.463",2.3,2.7,"0.848",0.5,3,3.4,2.6,0.6,0.3,1.4,1.7,12.1
"437",437,437,"kirk hinrich","SG",34,"CHI",66,22,24.4,2.2,5.8,"0.373",0.9,2.5,"0.345",1.3,3.2,"0.394","0.449",0.5,0.8,"0.7",0.3,1.5,1.8,2.2,0.7,0.2,1.1,2.2,5.7
"438",438,438,"justin holiday","SG",25,"GSW",59,4,11.1,1.5,4,"0.387",0.6,1.8,"0.321",0.9,2.1,"0.444","0.462",0.6,0.8,"0.822",0.2,1,1.2,0.8,0.7,0.2,0.5,0.9,4.3
"439",439,439,"rodney hood","SG",22,"UTA",50,21,21.3,3.1,7.5,"0.414",1.2,3.4,"0.365",1.9,4.1,"0.456","0.497",1.2,1.6,"0.763",0.2,2.2,2.3,1.7,0.6,0.2,0.9,2.4,8.7
"440",440,440,"lester hudson","SG",30,"LAC",5,0,11.2,1.2,2.8,"0.429",0.6,1.2,"0.5",0.6,1.6,"0.375","0.536",0.6,0.8,"0.75",0.2,1.4,1.6,1,1.2,0.2,0.6,0.8,3.6
"441",441,441,"john jenkins","SG",23,"ATL",24,3,12.4,2,4.1,"0.495",0.9,2.2,"0.404",1.2,2,"0.596","0.601",0.7,0.8,"0.842",0.1,1.5,1.6,0.5,0.4,0,0.3,0.6,5.6
"442",442,442,"joe johnson","SG",33,"BRK",80,80,34.9,5.6,12.8,"0.435",1.5,4.2,"0.359",4.1,8.6,"0.472","0.494",1.8,2.2,"0.801",0.7,4.1,4.8,3.7,0.7,0.2,1.7,1.5,14.4
"443",443,443,"nick johnson","SG",22,"HOU",28,0,9.4,0.9,2.7,"0.347",0.2,0.8,"0.238",0.8,1.9,"0.389","0.38",0.6,0.9,"0.68",0.5,0.9,1.4,0.4,0.3,0.1,0.7,1.2,2.6
"444",444,444,"tyler johnson","SG",22,"MIA",32,2,18.8,2.2,5.2,"0.419",0.6,1.5,"0.375",1.6,3.7,"0.437","0.473",1,1.5,"0.681",0.4,2.1,2.5,1.3,1,0.3,0.9,1.3,5.9
"445",445,445,"sergey karasev","SG",21,"BRK",33,16,16.8,1.6,4.1,"0.403",0.5,1.6,"0.296",1.2,2.4,"0.475","0.463",0.9,1.2,"0.763",0.7,1.3,2,1.4,0.7,0,0.7,1.4,4.6
"446",446,446,"sean kilpatrick","SG",25,"MIN",4,0,18,1.8,5,"0.35",1,3.3,"0.308",0.8,1.8,"0.429","0.45",1,1,"1",0.3,1.3,1.5,1,0.8,0,0.5,0.8,5.5
"447",447,447,"kyle korver","SG",33,"ATL",75,75,32.2,3.9,8,"0.487",2.9,6,"0.492",0.9,2,"0.47","0.671",1.4,1.6,"0.898",0.2,3.9,4.1,2.6,0.7,0.6,1.4,1.9,12.1
"448",448,448,"jeremy lamb","SG",22,"OKC",47,8,13.5,2.2,5.3,"0.416",0.8,2.4,"0.342",1.4,3,"0.475","0.492",1,1.2,"0.891",0.2,2.1,2.3,0.9,0.4,0.1,0.6,1.1,6.3
"449",449,449,"ricky ledo","SG",22,"TOT",17,0,14.4,1.9,5.6,"0.333",0.6,1.6,"0.37",1.3,4.1,"0.319","0.385",0.9,1.3,"0.727",0.9,1.2,2.1,1.1,0.4,0.1,1.5,1.2,5.3
"450",450,450,"courtney lee","SG",29,"MEM",77,74,30.6,3.7,8.4,"0.448",1.2,2.9,"0.402",2.6,5.4,"0.473","0.518",1.4,1.7,"0.86",0.3,2,2.3,2,1,0.2,1,1.7,10.1
"451",451,451,"malcolm lee","SG",24,"PHI",1,0,2,0,1,"0",0,0,"NA",0,1,"0","0",0,0,"NA",0,0,0,0,0,0,0,0,0
"452",452,452,"devyn marble","SG",22,"ORL",16,7,13,0.9,2.8,"0.318",0.3,1.4,"0.182",0.6,1.4,"0.455","0.364",0.3,1,"0.313",0.3,1.6,1.9,1.1,0.6,0.1,0.6,0.9,2.3
"453",453,453,"kevin martin","SG",31,"MIN",39,36,33.4,6.8,16,"0.427",1.9,4.9,"0.393",4.9,11.1,"0.442","0.487",4.4,4.9,"0.881",0.5,3.2,3.6,2.3,0.8,0,1.9,1.9,20
"454",454,454,"wesley matthews","SG",28,"POR",60,60,33.7,5.6,12.5,"0.448",2.9,7.4,"0.389",2.7,5.1,"0.534","0.563",1.8,2.4,"0.752",0.6,3.1,3.7,2.3,1.3,0.2,1.4,2.2,15.9
"455",455,455,"oj mayo","SG",27,"MIL",71,15,23.9,4.2,9.9,"0.422",1.4,3.9,"0.357",2.8,6,"0.465","0.493",1.6,2,"0.827",0.4,2.2,2.6,2.8,0.8,0.3,1.8,2.3,11.4
"456",456,456,"cj mccollum","SG",23,"POR",62,3,15.7,2.6,5.9,"0.436",0.9,2.2,"0.396",1.7,3.6,"0.46","0.511",0.8,1.2,"0.699",0.2,1.2,1.5,1,0.7,0.1,0.8,1.3,6.8
"457",457,457,"kj mcdaniels","SG",21,"TOT",62,15,21.8,2.8,7,"0.396",0.7,2.4,"0.287",2.1,4.6,"0.454","0.446",1.6,2.1,"0.752",1,2.2,3.2,1.2,0.7,1.1,1.7,2,7.9
"458",458,458,"ben mclemore","SG",21,"SAC",82,82,32.6,4.4,10.1,"0.437",1.7,4.8,"0.358",2.7,5.4,"0.507","0.521",1.6,2,"0.813",0.4,2.6,2.9,1.7,0.9,0.2,1.7,2.7,12.1
"459",459,459,"jodie meeks","SG",27,"DET",60,0,24.4,3.7,8.9,"0.416",1.2,3.5,"0.349",2.5,5.4,"0.46","0.485",2.4,2.7,"0.906",0.2,1.5,1.7,1.3,1,0.1,1,1.3,11.1
"460",460,460,"cj miles","SG",27,"IND",70,40,26.3,4.7,11.8,"0.398",2.2,6.4,"0.345",2.5,5.4,"0.459","0.491",1.9,2.3,"0.807",0.3,2.8,3.1,1.1,0.9,0.4,1,1.9,13.5
"461",461,461,"elijah millsap","SG",27,"UTA",47,5,19.7,1.7,5.1,"0.34",0.6,1.9,"0.311",1.1,3.1,"0.358","0.399",1.2,1.8,"0.674",0.6,2.6,3.2,1.2,1.2,0.3,1.4,2.6,5.3
"462",462,462,"etwaun moore","SG",25,"CHI",56,0,9,1.1,2.5,"0.446",0.2,0.7,"0.342",0.9,1.8,"0.485","0.493",0.2,0.4,"0.6",0.2,0.6,0.8,0.6,0.4,0.1,0.3,0.8,2.7
"463",463,463,"anthony morrow","SG",29,"OKC",74,0,24.4,3.9,8.3,"0.463",1.9,4.4,"0.434",1.9,3.9,"0.497","0.578",1.1,1.2,"0.888",0.5,2.1,2.6,0.8,0.7,0.1,0.5,1.8,10.7
"464",464,464,"shabazz muhammad","SG",22,"MIN",38,13,22.8,5.1,10.4,"0.489",0.5,1.3,"0.392",4.6,9.1,"0.503","0.514",2.7,3.8,"0.717",1.7,2.4,4.1,1.2,0.5,0.2,0.9,1.3,13.5
"465",465,465,"gary neal","SG",30,"TOT",54,1,22.1,3.5,9.3,"0.374",0.9,3,"0.305",2.6,6.3,"0.407","0.423",2.2,2.5,"0.867",0.3,2.1,2.4,1.9,0.4,0,1.2,1.6,10.1
"466",466,466,"victor oladipo","SG",22,"ORL",72,71,35.7,6.6,15.1,"0.436",1.2,3.4,"0.339",5.4,11.6,"0.464","0.474",3.6,4.4,"0.819",0.7,3.5,4.2,4.1,1.7,0.3,2.8,2.6,17.9
"467",467,467,"jj redick","SG",30,"LAC",78,78,30.9,5.7,12,"0.477",2.6,5.9,"0.437",3.2,6.2,"0.515","0.583",2.3,2.6,"0.901",0.3,1.9,2.1,1.8,0.5,0.1,1.2,1.7,16.4
"468",468,468,"glen rice","SG",24,"WAS",5,0,8.6,0.6,3,"0.2",0.2,1.4,"0.143",0.4,1.6,"0.25","0.233",0.8,1.2,"0.667",0.4,0.4,0.8,0.4,0,0,0.4,2.2,2.2
"469",469,469,"jason richardson","SG",34,"PHI",19,15,21.9,3.3,9.4,"0.348",1.6,5.1,"0.323",1.6,4.3,"0.378","0.435",0.9,1.2,"0.773",0.7,2.8,3.5,2,0.7,0.2,0.8,1.5,9.1
"470",470,470,"andre roberson","SG",23,"OKC",67,65,19.2,1.4,3,"0.458",0.3,1.3,"0.247",1.1,1.7,"0.612","0.51",0.3,0.7,"0.479",0.9,2.9,3.8,1,0.8,0.4,0.7,2.1,3.4
"471",471,471,"brandon rush","SG",29,"GSW",33,0,8.2,0.3,1.6,"0.204",0.1,0.8,"0.111",0.2,0.8,"0.296","0.231",0.2,0.3,"0.455",0.1,1.1,1.2,0.4,0.2,0.4,0.3,0.8,0.9
"472",472,472,"iman shumpert","SG",24,"TOT",62,25,24.9,3.1,7.6,"0.41",1.1,3.2,"0.342",2,4.4,"0.458","0.481",0.7,1,"0.672",0.9,2.7,3.6,2.2,1.3,0.3,1.5,2.2,8
"473",473,473,"alexey shved","SG",26,"TOT",42,9,18.3,3.2,8,"0.397",1.1,3.3,"0.338",2,4.7,"0.439","0.467",2.9,3.6,"0.807",0.5,1.8,2.4,2.5,0.7,0.1,1.1,1.1,10.3
"474",474,474,"jr smith","SG",29,"TOT",70,51,29.7,4.5,10.8,"0.417",2.3,6.1,"0.383",2.2,4.7,"0.462","0.525",0.8,1,"0.75",0.4,2.7,3.1,2.8,1.2,0.3,1.4,2.3,12.1
"475",475,475,"nik stauskas","SG",21,"SAC",73,1,15.4,1.5,4.1,"0.365",0.7,2,"0.322",0.8,2,"0.408","0.446",0.8,0.9,"0.859",0.2,1.1,1.2,0.9,0.3,0.2,0.5,1.3,4.4
"476",476,476,"lance stephenson","SG",24,"CHO",61,25,25.8,3.4,9,"0.376",0.3,1.7,"0.171",3.1,7.3,"0.425","0.393",1.1,1.8,"0.627",0.6,3.9,4.5,3.9,0.6,0.1,2.1,2.2,8.2
"477",477,477,"garrett temple","SG",28,"WAS",52,18,14.1,1.3,3.3,"0.4",0.6,1.7,"0.375",0.7,1.6,"0.427","0.497",0.7,0.9,"0.729",0.5,1.3,1.7,1.1,0.8,0.2,0.7,1.5,3.9
"478",478,478,"jason terry","SG",37,"HOU",77,18,21.3,2.4,5.8,"0.422",1.6,4.2,"0.39",0.8,1.6,"0.504","0.563",0.5,0.6,"0.813",0.2,1.4,1.6,1.9,0.9,0.2,1,1.5,7
"479",479,479,"hollis thompson","SG",23,"PHI",71,23,25,3.2,7.6,"0.413",1.6,4,"0.401",1.5,3.6,"0.426","0.518",0.9,1.3,"0.708",0.7,2,2.8,1.2,0.8,0.4,0.9,2,8.8
"480",480,480,"klay thompson","SG",24,"GSW",77,77,31.9,7.8,16.9,"0.463",3.1,7.1,"0.439",4.7,9.8,"0.481","0.555",2.9,3.3,"0.879",0.4,2.9,3.2,2.9,1.1,0.8,1.9,1.6,21.7
"481",481,481,"marcus thornton","SG",27,"TOT",48,0,15,2.9,7.2,"0.406",1.1,3,"0.378",1.8,4.2,"0.426","0.484",1,1.2,"0.821",0.5,1.3,1.8,0.8,0.6,0.1,0.6,0.8,7.9
"482",482,482,"evan turner","SG",26,"BOS",82,57,27.6,3.9,9.1,"0.429",0.4,1.5,"0.277",3.5,7.6,"0.458","0.451",1.3,1.7,"0.752",0.5,4.6,5.1,5.5,1,0.2,2.4,2.2,9.5
"483",483,483,"dwyane wade","SG",33,"MIA",62,62,31.8,8.2,17.5,"0.47",0.5,1.6,"0.284",7.7,15.8,"0.489","0.483",4.6,6,"0.768",0.9,2.6,3.5,4.8,1.2,0.3,3.4,1.7,21.5
"484",484,484,"dion waiters","SG",23,"TOT",80,23,27.6,4.7,11.8,"0.396",0.9,3.1,"0.297",3.8,8.8,"0.431","0.435",1.5,2.2,"0.68",0.5,1.9,2.4,2,1.1,0.3,1.4,1.9,11.8
"485",485,485,"cj wilcox","SG",24,"LAC",21,0,4.8,0.8,1.8,"0.421",0.3,0.9,"0.368",0.4,0.9,"0.474","0.513",0.1,0.1,"1",0,0.3,0.3,0.4,0.1,0,0.5,0.3,2
"486",486,486,"elliot williams","SG",25,"TOT",13,0,9.2,1.1,2.8,"0.378",0.6,1.4,"0.444",0.5,1.5,"0.316","0.486",0.1,0.3,"0.25",0,0.6,0.6,0.9,0.3,0,0.3,0.9,2.8
"487",487,487,"lou williams","SG",28,"TOR",80,0,25.2,4.7,11.6,"0.404",1.9,5.6,"0.34",2.8,6,"0.464","0.486",4.3,4.9,"0.861",0.3,1.6,1.9,2.1,1.1,0.1,1.3,1.3,15.5
"488",488,488,"james young","SG",19,"BOS",31,0,10.7,1.2,3.3,"0.353",0.5,2.1,"0.258",0.6,1.2,"0.528","0.436",0.5,0.9,"0.552",0.3,1.1,1.4,0.4,0.3,0.1,0.2,0.7,3.4
"489",489,489,"nick young","SG",29,"LAL",42,0,23.8,4.1,11.3,"0.366",2,5.4,"0.369",2.2,6,"0.363","0.453",3.1,3.5,"0.892",0.4,1.9,2.3,1,0.5,0.3,1,2,13.4
"490",490,490,"goran dragic","SG",28,"TOT",78,78,33.8,6.4,12.8,"0.501",1.2,3.3,"0.347",5.3,9.5,"0.555","0.546",2.3,3,"0.774",1,2.5,3.5,4.5,1,0.2,2.2,2.5,16.3
"491",491,491,"toure murry","SG",25,"TOT",5,0,3.6,0.4,1,"0.4",0,0,"NA",0.4,1,"0.4","0.4",0.4,0.4,"1",0.2,0,0.2,0.2,0.2,0,0.8,0.4,1.2
"492",492,492,"glenn robinson","SG",21,"TOT",35,1,7.5,0.7,1.9,"0.388",0.1,0.5,"0.263",0.6,1.4,"0.438","0.425",0.5,0.7,"0.667",0.4,0.7,1.1,0.3,0.2,0,0.3,0.4,2.1
